frame_id,person_id,nose_x,nose_y,left_eye_x,left_eye_y,right_eye_x,right_eye_y,left_ear_x,left_ear_y,right_ear_x,right_ear_y,left_shoulder_x,left_shoulder_y,right_shoulder_x,right_shoulder_y,left_elbow_x,left_elbow_y,right_elbow_x,right_elbow_y,left_wrist_x,left_wrist_y,right_wrist_x,right_wrist_y,left_hip_x,left_hip_y,right_hip_x,right_hip_y,left_knee_x,left_knee_y,right_knee_x,right_knee_y,left_ankle_x,left_ankle_y,right_ankle_x,right_ankle_y
0,0,708.55945,406.1075,709.30273,401.25998,706.4416,402.73505,693.2502,396.23013,698.37036,402.0136,670.8649,404.9406,695.621,422.35587,652.16394,413.47812,696.7216,456.21103,656.6262,423.77255,703.7035,476.06497,651.8365,460.0661,672.33875,466.9383,645.741,496.70178,690.1567,499.38635,635.00635,538.56934,695.87805,536.7474
0,1,811.23553,558.0027,813.14557,556.01746,811.292,555.19464,806.08167,548.22876,807.32733,547.1428,795.4954,541.712,795.94293,541.4368,826.5278,538.05707,809.62286,546.01306,849.2788,539.5475,827.2559,547.2726,759.9018,565.9382,762.0778,566.10754,781.8751,597.57574,792.6439,596.301,772.08307,626.93835,782.59467,621.86475
1,0,707.8071,407.73114,708.462,402.92938,705.40576,404.23898,692.27216,398.41418,696.32324,403.76077,669.3148,407.48352,694.3931,423.99435,650.60706,414.22855,695.0765,456.27277,656.7147,422.5483,702.73895,476.29233,651.33905,461.48535,672.07355,467.8763,645.6324,498.00006,690.41315,499.26318,635.0068,538.71783,696.0822,536.32446
1,1,812.85724,557.43835,815.825,555.1731,812.21,553.70276,814.2001,550.91486,806.8796,547.74286,802.5136,548.7179,788.35596,548.8431,806.27637,558.754,787.49677,567.92487,814.7302,564.15137,798.55066,583.5222,765.82184,566.0691,754.90015,566.6543,790.2935,594.8345,782.456,596.4746,774.82214,619.9901,771.5731,624.3189
2,0,707.0962,409.88205,707.5493,405.01633,705.01917,406.44073,690.34796,399.66617,696.2637,405.44278,667.19336,408.39764,693.2941,426.14124,647.99164,415.61633,693.52295,461.42426,654.27496,422.98254,702.9368,484.3158,648.5509,464.0731,669.87476,470.93213,643.8591,498.90845,689.1521,499.70276,635.5818,539.9912,695.90576,535.5267
2,1,811.8298,560.33466,814.0618,557.8987,811.20483,556.7453,810.35095,553.5684,804.6026,551.05676,794.92456,549.64026,785.3701,551.61847,796.8145,549.44336,783.36346,562.75916,806.6824,549.604,791.51166,572.91705,759.6804,566.8817,751.24695,568.7761,789.6098,594.11896,780.52484,597.6909,779.61725,621.80646,770.51733,628.171
3,0,704.78253,409.88736,705.4833,404.97473,701.50336,406.63226,690.73425,400.64758,691.205,406.4853,666.18195,409.96945,692.37787,427.24396,643.80774,416.89078,692.17426,462.70593,648.50525,434.97287,698.42,484.25232,647.2592,463.46066,668.7317,469.35614,642.1481,499.7873,689.6227,496.2798,634.5834,537.64923,698.29584,530.3657
4,0,704.7647,409.9007,705.4214,405.02383,701.54346,406.64322,690.5513,400.72812,691.25366,406.45993,666.0578,410.0879,692.24963,427.10834,643.5423,417.0493,691.9826,462.44913,648.3801,435.47153,698.7326,484.3211,647.1495,463.5603,668.6341,469.32388,642.19446,500.12964,689.95386,496.2445,634.4811,537.6627,698.8475,530.2147
5,0,703.9812,409.3272,704.97864,404.3763,700.76575,405.89383,690.6871,400.40192,690.70544,405.85107,666.4078,411.08777,691.1797,426.54324,643.9662,416.3798,690.4495,457.5619,645.68524,432.79468,693.89343,475.88626,646.79486,464.401,667.19543,469.45303,641.55054,501.0072,687.8247,496.80554,634.1538,535.8644,697.97076,527.0243
6,0,702.44946,406.95172,703.4219,402.08942,699.4205,403.61047,688.3708,398.2646,689.8741,403.91943,664.6781,408.32495,689.8502,424.35812,643.27936,414.192,687.46954,456.07678,645.8661,429.38477,687.7072,471.774,646.3271,461.38986,667.329,466.69736,640.997,499.91382,687.142,495.87622,634.28125,537.232,698.8979,528.74615
7,0,702.74255,402.80923,703.7985,397.71405,699.2842,399.5539,688.6297,395.07632,688.5176,401.42294,666.01715,407.0921,688.04865,423.0795,647.43665,407.76675,690.0149,451.31192,643.3359,412.8917,689.5031,457.786,647.7474,461.07532,666.5466,465.61993,640.23456,499.83893,686.0989,491.18256,632.25055,538.04065,699.619,521.5647
8,0,702.0127,398.20004,701.8006,393.96344,699.8712,395.39743,683.0094,392.84305,692.53015,398.854,664.5322,405.53735,690.5985,420.0454,644.8257,406.45212,691.25757,445.5869,644.15063,412.75928,688.4443,457.79175,648.34784,459.11017,670.218,463.29648,638.92413,499.61414,688.3952,492.5702,630.44867,536.58795,703.6673,519.2747
9,0,702.12256,398.29834,701.9029,394.05325,699.9928,395.5089,683.1111,392.93057,692.6714,398.97632,664.7157,405.7784,690.5786,420.26968,644.9423,406.54648,691.20044,445.83777,644.3843,412.64105,688.60565,457.6263,648.11743,459.44208,669.9111,463.55667,638.8101,499.63593,688.50366,492.1974,629.4406,536.45685,703.5029,518.7673
10,0,701.88074,399.33838,701.7966,394.35022,699.706,396.25702,680.361,392.65784,692.78845,400.35388,661.24963,406.58325,691.0768,422.17233,639.1918,409.38068,691.08923,444.3091,644.03357,422.30063,681.3871,444.17694,647.18896,462.41745,672.1232,466.3549,635.24884,499.44635,685.30505,493.69928,625.49774,536.5771,700.3004,516.86316
11,0,696.50696,402.12155,695.2817,398.15878,695.6978,399.26614,676.2889,397.2409,692.92114,402.28775,662.4158,412.20697,691.02686,426.02362,640.54016,417.2336,692.24786,455.2525,640.7028,423.65897,689.61816,467.5923,647.4785,464.05814,671.3521,468.88574,638.13837,495.94977,689.5469,493.20892,621.6392,528.70593,700.04456,520.1122
12,0,693.6234,407.45413,692.6173,403.45764,692.57745,403.7433,671.70905,403.0782,688.7323,405.51047,653.1265,420.23895,689.7488,427.44397,631.811,442.5842,693.45325,456.41885,633.4042,471.0038,682.72595,463.78528,646.6113,474.09464,676.35736,476.94666,634.32434,500.65393,691.76294,502.38916,615.65924,537.49615,698.08307,536.20557
13,0,666.14716,418.23804,667.57367,414.1025,667.7263,414.80685,661.97485,414.82892,682.7327,417.7215,649.05457,432.73413,690.52026,440.7095,632.21716,448.04855,692.4466,470.49677,638.60675,448.43863,683.8933,484.78067,650.69995,489.55804,679.9156,492.30786,635.10864,509.4143,675.70197,512.51855,633.6,536.7998,673.8701,540.0244
14,0,664.65967,417.28967,666.2962,413.21262,666.53125,413.9257,662.5659,414.12976,682.69,416.9912,649.9298,432.0442,690.6636,440.11783,632.6098,447.84665,692.7067,470.5214,637.1791,449.23883,684.7999,485.45688,651.81744,488.52234,680.2525,491.31012,635.2891,509.65894,674.8436,512.9347,634.044,536.37463,673.1386,539.7334
14,1,746.81647,484.76334,745.47046,480.55862,746.5031,480.56128,726.3077,481.06464,744.224,483.286,714.7763,502.40454,743.5882,507.8681,711.7917,531.6799,753.20447,541.43396,717.6484,554.68463,759.89484,566.1675,709.8718,554.33746,731.1535,557.702,704.2029,576.6384,734.3251,584.0601,698.97754,609.6118,731.6644,616.9998
15,0,655.8768,422.62933,657.3666,419.01987,658.7759,419.30502,658.52625,420.36765,677.0157,421.87558,649.7488,439.2231,685.03674,444.17422,633.7362,452.42545,685.9151,470.35025,638.1479,445.7479,671.17206,482.18274,646.9363,497.77496,670.23944,498.903,638.8875,521.9181,665.9073,523.63605,644.0353,545.6073,661.6332,547.2677
16,0,726.23004,469.70932,725.4462,465.76917,726.1539,465.9015,710.1148,465.54276,728.29553,467.9751,695.9633,484.30203,730.37463,490.61145,671.1074,500.6546,744.51,520.85486,678.95197,501.1742,756.0727,542.0298,693.53656,540.56836,714.6728,543.19025,698.7903,572.81964,716.31464,577.8929,700.4228,608.5062,712.66125,608.348
16,1,651.7808,424.1721,652.27167,421.1069,654.1692,421.26746,649.93005,422.95303,668.96924,423.60858,641.25446,439.4299,677.61383,443.02084,625.5844,451.214,682.4596,464.2809,628.8836,447.78094,675.5922,471.68768,646.63654,490.51135,670.6078,491.5426,636.59717,520.4317,667.8993,521.8679,637.239,539.2751,663.3955,540.6293
17,0,721.48364,459.89056,719.45013,455.70023,721.08966,455.71097,702.36334,456.4983,722.21265,458.04312,689.5649,479.2671,726.54315,483.10913,668.2024,501.36823,738.85376,516.0039,667.00653,505.70947,752.7597,538.5068,691.8013,536.7438,714.77454,538.098,696.73456,577.5655,715.15405,577.9867,693.7804,613.3711,708.2218,609.80963
18,0,700.2599,448.2925,699.74194,444.26968,701.5322,444.6684,690.5097,445.98587,710.1158,447.02148,679.01355,469.52518,717.58545,472.26877,663.5351,496.07288,728.2463,503.6131,656.948,517.4603,734.6513,527.9133,683.3055,525.219,707.7014,526.42786,687.9357,567.9714,710.12787,570.6727,693.47363,615.92566,708.37683,614.5495
18,1,617.0833,422.90982,617.90814,419.7487,618.6655,419.2114,615.13165,421.77594,634.98895,419.9668,609.48865,439.60074,648.77966,438.6228,597.6054,458.8203,655.7773,463.8524,597.96576,460.53915,645.0105,476.4781,621.44006,489.0287,648.22974,488.0434,611.04913,507.78894,641.9486,506.66956,613.99554,539.49384,644.0234,537.7568
19,0,700.1843,448.29645,699.6813,444.27386,701.4407,444.68564,690.5198,445.9595,710.023,447.01468,678.9866,469.48825,717.5845,472.3181,663.33887,495.9831,728.21454,503.6983,656.3306,517.3092,734.583,527.58795,683.5239,525.32745,707.9354,526.56226,687.9704,567.50745,710.1657,570.1707,693.40594,615.59436,708.1398,613.9459
19,1,616.99475,423.0916,617.8287,419.9024,618.63635,419.34982,615.19,421.89114,635.1345,420.0606,609.4938,439.68988,648.9811,438.75665,597.379,458.52005,656.0415,463.90225,597.94135,459.6678,645.0909,476.60663,621.46643,488.82825,648.65607,487.87973,611.14465,505.97827,643.16284,504.86707,613.695,541.01886,645.8002,539.19977
20,0,695.04144,444.6682,694.54047,440.44516,696.0536,440.7127,685.1928,441.68805,704.5848,442.37778,674.47943,464.4178,712.43866,465.71985,661.42017,491.65356,723.1209,497.26196,655.9062,512.37555,726.73267,520.6504,680.3608,521.36115,704.81177,521.64984,683.4907,568.47205,705.38135,566.8344,691.11475,615.2658,705.04254,609.8356
20,1,600.03406,418.71143,601.4127,415.77585,602.24255,415.29446,605.87134,418.46432,619.641,416.3467,606.99243,437.59436,631.59735,435.32455,605.1148,463.30505,642.03644,463.26706,603.4592,474.2653,639.6568,479.38562,621.08563,484.06152,638.14484,482.8334,607.61707,510.31128,632.82745,508.97424,610.545,541.22974,638.9707,538.5811
20,2,695.1113,445.93573,695.5224,441.87158,696.0182,442.22488,684.6804,443.15747,704.22076,444.17343,674.4854,465.29056,713.1154,467.06326,660.6722,494.9616,723.9747,498.10706,656.90625,513.00385,722.8053,519.64087,680.9075,517.16016,707.88745,517.6836,674.06604,535.35657,713.0861,535.2541,676.0739,564.3753,719.40283,564.5291
21,0,685.0102,444.15598,686.29877,439.7219,686.10333,440.0004,680.3687,441.24402,699.6118,441.9126,668.8664,465.04352,709.56134,466.43518,654.1377,495.13086,717.45355,497.07935,652.2093,508.27673,711.33765,510.86,674.563,521.01263,701.84216,521.5856,669.1543,549.70355,704.23193,550.55804,673.431,570.5354,704.03516,571.95593
21,1,688.3403,444.3184,688.483,439.95206,689.667,440.08862,681.30054,441.4336,698.98987,441.3602,671.90405,465.49902,704.45325,466.4092,655.6717,493.76898,717.1429,497.00256,653.276,511.70044,715.37,509.2569,678.12506,523.03625,698.21814,523.4403,684.00134,561.4826,699.2663,560.98834,689.33405,608.22565,698.61786,606.5354
22,0,681.5554,443.99545,682.485,439.69284,682.24603,439.96106,674.6923,441.66714,693.57574,442.29013,664.0353,465.83356,703.2575,467.06784,650.7526,496.20874,710.2272,498.20807,649.24164,506.1828,703.9847,508.45123,668.7041,522.1062,695.64636,522.4822,662.2079,547.2128,698.6241,547.7656,665.0694,566.6206,699.7689,567.954
22,1,682.801,444.42056,682.83136,439.74997,684.18427,440.10837,674.35583,441.61905,693.37384,441.84747,663.0249,466.15192,701.2292,467.04727,650.0084,495.8216,710.644,498.12427,646.4042,515.06775,706.7763,509.19977,669.7145,525.7621,694.02374,526.5019,671.7777,573.7646,692.0345,572.6809,681.2787,621.48944,692.6423,618.4672
23,0,666.0622,443.5499,666.8085,438.95355,668.3246,439.21185,662.1391,440.91806,681.67596,440.3047,653.2987,465.2491,691.79095,465.31873,644.6177,495.3703,705.47095,494.5536,641.1113,522.9484,704.0676,508.682,659.85767,522.9681,685.7528,523.09735,658.4893,569.30023,688.2698,568.4282,659.658,616.18665,686.8567,613.5802
24,0,666.27966,443.4057,666.9424,438.82596,668.45795,439.1699,662.2466,440.67838,681.8099,440.19302,653.64636,465.84317,692.39886,465.55493,644.3097,496.53503,706.0992,495.34155,641.1845,523.4902,701.7925,510.0266,659.7636,524.1206,685.8763,524.0919,659.11707,569.9501,688.44366,569.1057,660.1539,616.8387,686.9199,613.52527
25,0,548.3444,435.0875,548.852,431.3625,550.26514,430.90558,552.1147,432.48077,566.7399,429.57837,562.33734,451.05206,578.0831,446.24646,568.4751,482.80948,593.7602,476.04904,553.83777,501.75385,580.7464,497.95184,587.08307,497.51898,598.0296,495.0614,577.2935,533.78064,590.505,530.34705,581.04865,573.48047,595.8419,566.8489
25,1,660.18677,439.58,661.3171,435.31912,663.18823,435.36108,657.7591,438.35065,676.9827,437.0917,649.46204,463.02185,684.22,461.69098,639.1832,493.34064,697.3726,490.05035,634.0518,517.4324,692.95917,507.0775,657.8235,520.51355,679.4364,520.45483,660.73267,565.068,676.0614,565.9,673.3675,609.00055,680.2836,607.9673
26,0,533.1522,438.07724,533.28986,434.6558,534.5192,434.08078,538.1403,436.3413,550.60394,433.67435,557.7514,452.93878,557.49316,453.1618,579.14734,470.60428,563.52136,478.62967,573.9236,499.07733,554.1389,500.68695,592.4647,494.6695,595.74554,494.037,569.2947,534.4904,587.6934,528.33307,580.9977,574.7073,615.3573,559.1571
26,1,656.0092,439.5667,656.77106,435.2604,658.5778,435.37994,652.85065,437.4132,671.7181,436.48996,644.378,460.5507,680.0877,461.89075,635.5204,487.96896,693.00073,491.1756,636.57196,504.23236,687.4204,497.95135,654.34155,520.51086,677.7989,521.6599,650.10815,569.0167,673.4671,572.63794,656.753,614.7363,676.8493,615.93555
27,0,650.4234,437.34555,650.95776,433.27573,653.3179,433.51157,647.9254,435.03552,667.89526,434.2592,640.3073,457.5898,679.5347,458.47336,632.4563,488.25586,690.0707,488.70288,635.97504,506.79712,680.9414,500.64362,649.3756,517.50226,676.0039,518.16266,645.0485,564.2917,673.65955,567.97,650.644,613.6862,673.8856,617.1723
27,1,528.19275,448.07703,528.3371,443.657,528.9911,443.9095,534.1045,443.92517,541.6111,443.524,555.6224,463.2249,549.4282,465.09738,579.3384,485.80997,565.6565,491.1994,573.47504,515.4232,563.89124,513.657,572.9765,510.69,569.04144,511.12793,570.6862,539.01373,565.71436,538.91077,579.5393,575.38965,576.42126,575.1555
28,0,635.4014,432.39868,637.19495,428.88153,638.33295,428.5984,639.8428,431.2455,657.32666,430.05817,633.6961,453.01694,667.3865,451.1562,624.43384,480.80847,678.5098,478.99734,628.6797,500.55865,680.07214,502.6159,641.84937,508.61786,663.58936,507.91833,639.1199,542.40845,661.727,541.9119,649.4576,574.0831,664.2568,572.39703
29,0,636.1877,431.49283,638.06573,427.89072,638.38196,427.6693,639.6447,430.28146,656.80237,429.1543,633.74445,452.14185,667.74286,450.82397,627.38696,480.49762,677.94824,479.6617,632.93207,503.21472,677.31335,503.3949,643.11176,507.24176,665.3878,506.76428,638.8485,540.6479,660.32697,540.62164,648.04333,573.9709,661.2357,573.1206
30,0,496.91052,467.80988,498.7918,463.4025,497.0039,463.9146,506.62772,462.71704,503.49976,464.05878,528.2004,472.5684,510.12283,479.97934,552.1014,487.56372,522.83417,504.11926,535.22266,513.86884,520.2278,526.60895,562.4435,507.5589,548.5383,510.5672,556.2238,550.13696,529.48016,549.51245,569.7113,585.482,539.9128,579.7594
30,1,638.1959,426.95166,639.4694,423.40768,640.1833,423.19778,637.3315,425.37933,653.17535,424.76422,631.31104,447.06702,663.4894,447.40204,621.7507,474.35266,676.9236,477.2131,624.4418,494.57965,676.7356,500.12164,637.3827,502.11182,658.59296,501.91547,632.54535,535.5979,654.349,535.432,636.8078,572.9469,652.8966,572.50256
31,0,630.12445,426.0681,631.64343,422.34476,631.30255,422.3071,630.24097,423.87717,646.9713,423.2922,624.7351,444.24786,658.66284,443.85028,618.8744,470.72342,672.4447,471.0156,619.0609,491.3402,672.1057,491.22864,631.999,497.46808,654.7731,497.1466,627.1835,535.7463,653.6828,535.6797,629.1537,572.1918,653.9983,571.7757
31,1,488.6487,473.20483,490.03214,468.76337,486.98425,470.2263,499.1487,467.11,490.11084,471.36316,521.544,478.25763,498.84802,486.22824,539.2532,496.51727,502.1365,509.76636,523.7105,518.0392,495.52396,522.654,540.19794,519.3863,522.6316,521.8672,535.3768,540.98224,498.21875,543.43085,546.5873,581.5155,498.57056,582.78735
32,0,621.7073,422.63248,623.4577,418.7759,623.494,418.85388,625.8677,420.36877,641.5807,420.2494,622.6332,441.3427,653.9885,442.64136,617.42303,469.6368,667.24994,473.5155,615.0745,485.604,660.5625,487.84567,626.69916,498.18256,649.9389,498.2437,615.7349,533.2585,652.5081,534.1409,609.53064,569.2451,654.0223,569.70624
33,0,613.9763,421.5925,615.8536,417.79156,616.17755,417.84064,617.6924,420.4389,633.06824,420.22586,613.5338,442.1407,643.9326,442.81366,607.14014,471.39786,654.66516,472.8553,604.93744,494.04358,651.9342,492.0251,616.43884,494.93732,638.6576,494.99365,609.9962,528.5879,645.0195,529.37836,608.62506,564.31415,650.7,564.7506
34,0,613.8248,421.58774,615.68555,417.78336,616.0389,417.83826,617.65,420.46255,633.0065,420.22736,613.68494,442.2396,643.8856,442.80103,607.33594,471.63406,654.8036,472.65106,604.7723,494.86682,652.02386,491.91815,616.73334,494.97455,638.80566,494.9818,609.98206,529.4745,644.89996,530.24615,608.47217,565.09344,650.54803,565.4839
35,0,610.22125,421.31445,612.0717,417.75037,611.9871,417.7168,613.8045,420.23322,628.83923,419.87897,609.151,441.15387,638.877,441.5296,600.5373,468.6868,648.8833,470.74548,597.4642,484.32516,643.78296,487.00885,613.4413,494.2387,634.7505,494.2599,607.86566,528.51135,639.9799,529.067,607.1012,562.9585,645.1122,562.72986
36,0,603.7896,419.4515,605.63293,415.55695,606.9894,416.10117,609.3786,417.1104,623.9149,416.7514,603.65216,437.1722,635.9065,437.12485,597.99194,465.5447,645.7941,466.94342,588.2513,475.14325,645.7589,483.52264,609.8142,489.74475,633.5175,489.28845,596.72424,522.9922,636.13245,524.1667,595.8765,563.1842,643.37695,556.394
37,0,600.57874,417.24057,602.6315,413.7212,603.0939,413.61624,608.28564,415.4673,622.04626,414.71313,603.85657,435.2113,633.0466,434.47092,596.5389,463.09637,645.24695,461.9634,596.3077,484.29376,645.0043,481.17352,609.68225,484.79355,629.9662,484.54965,604.1555,519.62427,634.1928,520.22205,604.1425,556.1158,636.0603,555.6231
37,1,439.6136,512.3436,442.33932,507.59967,437.26324,508.14868,449.91013,507.57117,437.75653,508.6941,469.36703,529.0236,436.33905,531.58325,488.7068,558.24475,419.16837,558.73737,475.6668,583.0718,415.34048,562.32916,475.83078,573.6861,456.34558,573.0799,450.4642,586.37366,433.98633,583.1583,441.9509,620.2755,431.84955,619.50793
38,0,596.1093,411.11832,597.50635,407.87537,598.4852,407.5135,601.1615,409.79123,616.5228,408.37347,598.0867,429.3815,628.8616,427.84155,590.8039,455.22647,637.53015,454.86285,591.3605,473.09167,633.0317,474.26776,604.5078,480.66046,626.68604,479.8806,599.3351,518.0412,632.13776,517.6698,598.16943,550.87646,636.8561,549.34094
38,1,423.35336,519.5384,425.31512,515.3433,423.27374,516.268,434.73544,514.43585,429.30807,516.4788,457.66824,529.2443,435.39862,530.9816,474.2529,559.7412,422.65906,552.611,471.2917,593.0177,402.2128,564.8501,483.98645,568.479,467.90463,568.36896,471.41684,593.07764,438.41803,590.39923,480.0744,616.9967,439.96317,619.5783
39,0,596.0962,411.9817,598.1099,408.3338,598.0781,407.93433,602.2837,409.9687,617.88257,408.40906,597.66394,429.5431,629.60846,427.75912,589.1657,456.21436,638.2275,456.2699,590.45105,472.62912,636.1282,476.26642,604.33954,481.70676,627.49066,481.01755,598.43365,518.67346,634.177,518.4622,595.8861,552.3367,638.5018,550.6693
39,1,423.73132,520.103,425.74313,515.8531,423.468,516.7924,435.02792,515.0202,429.18127,517.1391,457.2211,529.7295,435.47095,530.9344,469.00342,562.5298,421.95035,553.32513,468.0922,596.0354,402.04385,565.1121,484.71902,567.5602,468.52274,567.4131,474.99786,592.2782,438.53333,589.28436,483.66187,615.3745,443.08728,618.14386
40,0,595.1705,414.14316,596.4419,410.43652,597.72375,410.68893,598.8981,410.19354,614.97253,409.0986,594.7212,428.52798,629.5078,427.14307,588.01556,457.3202,638.08923,455.31073,594.8901,476.0244,635.4063,476.24936,600.1767,481.91342,626.896,481.33948,588.02484,518.77374,634.9758,519.90894,585.2014,558.21686,640.0472,553.5836
40,1,421.50565,518.2982,424.05493,514.0579,420.89325,515.06964,436.22787,513.94617,427.71115,516.1631,459.03992,530.2621,437.4165,531.81586,480.0147,562.75397,435.71246,556.27246,478.26767,592.59906,425.1018,561.4806,480.59766,569.78296,464.6068,569.64856,473.31195,588.5375,441.96835,588.2195,485.91284,612.8348,446.6744,611.7655
41,0,596.0217,412.23883,597.19476,408.973,598.44916,409.26813,598.7057,409.2707,614.0181,408.79037,596.34393,427.39816,625.7759,427.89474,588.75244,456.01642,635.9144,454.2026,592.4352,474.76535,634.1606,472.31726,600.18695,479.5021,623.8334,480.37628,585.6418,506.6435,634.6364,513.8238,577.28973,539.99493,644.0067,543.81274
41,1,421.6157,517.6002,422.53177,513.214,422.4501,514.23987,432.37912,511.32782,433.76093,513.4686,458.51685,523.14154,440.27576,531.78326,483.89948,551.8367,443.2176,571.3054,491.50772,586.94574,431.20587,612.53156,485.3409,571.72565,472.8382,575.3163,471.15872,587.6479,449.44028,591.33954,478.37878,606.90717,459.14764,614.295
42,0,596.177,415.33942,596.90515,411.8454,597.8951,411.776,595.93384,412.1255,612.5319,410.7783,593.1192,432.34378,624.4209,430.5209,586.3291,461.50964,635.3569,458.16296,590.47485,480.5783,635.6599,479.18637,599.4246,486.94968,623.5446,486.64453,592.4906,523.4372,636.822,525.4671,585.9563,556.1952,643.6038,557.11096
42,1,431.80344,518.5794,433.48288,514.4559,431.03778,515.8236,444.13528,512.6205,435.69104,515.88684,462.23987,526.43005,444.41296,533.0875,488.00488,543.5067,448.21445,557.2275,498.58817,570.0302,449.32864,573.93317,479.78836,577.5514,467.77112,579.8851,471.863,599.06824,456.57956,601.3883,484.14227,607.46014,466.1307,609.76385
43,0,593.5844,422.15396,595.51074,418.81808,595.4282,418.79306,594.19415,420.78207,609.0509,419.56174,590.243,441.06073,618.8041,439.42307,583.41174,468.60278,629.1505,460.97946,586.08154,477.9319,615.7444,469.56628,592.5317,490.30054,617.83185,490.15887,570.2611,513.4231,630.9179,519.92126,554.36334,547.496,644.373,548.8657
44,0,592.96063,422.4428,594.9632,419.18533,594.84985,419.17807,594.0934,421.13437,608.5063,419.97668,589.9742,441.0843,618.60474,439.51385,583.5821,468.3015,629.5126,460.45956,585.9422,477.98474,615.9438,468.00827,591.9803,489.82562,617.2788,489.75403,570.55664,513.03284,631.5182,519.6486,554.938,547.6119,644.32886,548.70276
45,0,589.182,425.94742,591.37335,422.90192,591.2306,422.79895,591.6795,425.1903,605.0567,424.03055,586.87335,444.94174,614.9331,444.49753,577.0679,470.62686,625.6323,469.87363,579.6161,480.66415,618.4486,481.8528,589.2941,496.23315,614.23926,496.10724,566.6334,520.9211,630.45416,524.96576,552.21783,556.6143,646.64636,552.28345
45,1,441.96164,484.6369,441.89743,481.4818,443.9653,478.9665,444.94464,484.62192,463.1492,476.05798,462.22147,502.06348,475.61447,489.30615,489.31802,528.6623,496.00943,514.11554,507.64832,556.1116,505.9653,546.4361,498.42474,534.2128,507.97348,527.5758,481.202,578.5158,485.13773,565.78326,486.64075,612.1583,482.14804,601.2844
45,2,588.5768,425.92697,589.35535,422.7425,590.49475,422.72192,590.5457,424.7767,606.0953,423.9923,584.2214,445.06848,617.8868,444.364,576.1771,471.22308,626.29425,471.2353,578.4611,484.56067,620.6262,484.6468,590.5709,497.8166,613.95636,497.32965,582.54803,532.7859,615.7776,533.1217,580.5308,560.1876,612.9854,560.0813
46,0,584.93274,431.1728,585.8437,428.11987,585.9134,427.72156,582.713,430.1804,597.61926,428.58063,579.40796,449.3315,607.3652,446.49384,573.0292,474.64792,617.76276,468.14478,570.5563,483.54102,613.9375,474.64944,589.4271,498.54956,611.4404,497.6009,582.99634,528.22363,627.9579,526.90326,581.84534,552.67413,644.32227,550.9759
47,0,453.88104,470.26602,454.03214,467.09372,456.583,464.89755,456.73108,472.4766,477.1128,464.33707,473.0688,496.341,490.65396,478.4888,492.46027,528.3388,516.42737,490.1347,500.12622,555.89417,532.3083,507.8036,503.85284,529.52716,513.6747,520.7974,487.21375,574.99945,486.1784,563.25885,495.70972,621.22766,480.37427,609.5159
47,1,580.74994,430.7281,582.1155,427.67865,582.17883,427.54587,576.9718,428.81235,593.1537,427.9785,571.2265,447.5338,601.7602,446.8375,561.0598,476.2764,604.7473,473.11157,554.4532,500.76703,595.40576,489.89203,574.5564,497.80835,602.45886,497.1388,551.1386,522.6763,622.9825,523.77625,541.4823,554.61835,640.82227,547.5671
47,2,578.07983,430.39102,579.0599,426.91565,579.71484,427.13913,575.34204,428.66037,594.0255,428.5927,569.1042,448.11414,602.4692,447.33057,559.3637,478.09396,605.86053,473.2169,552.49854,500.82788,594.68146,491.75854,575.08923,500.3239,600.6073,499.79205,562.11597,531.67365,607.2448,531.3976,560.0767,559.8631,616.41156,559.6759
48,0,467.6811,461.6454,468.12738,458.65717,470.21606,456.44363,467.3846,463.22083,488.48776,455.09485,473.67236,485.81055,505.47696,470.277,486.07333,519.59125,531.0841,486.38968,492.9427,549.69885,535.96014,509.48004,509.99512,529.6573,529.534,522.927,497.41492,574.8111,503.78958,564.2394,509.0874,615.09204,502.03857,611.42365
48,1,552.4882,428.6401,553.25055,425.46878,555.12286,425.38,555.8161,427.15298,572.18555,426.08533,553.46075,447.32983,581.0388,444.74182,547.5406,477.14932,588.9677,472.99942,543.21936,503.5973,590.0879,500.79584,558.95105,497.79675,576.4376,496.32336,552.23505,530.6919,569.16064,529.4562,553.9745,559.16125,567.44745,556.723
48,2,554.66595,430.33527,555.3754,426.6233,556.5238,426.4674,554.57086,427.20706,572.81946,425.51205,552.4449,447.4813,582.1383,444.7782,544.9259,478.30722,592.38885,477.54538,542.5519,506.79492,598.333,501.6358,560.99194,497.02197,585.6604,495.12012,548.25256,524.9218,604.1366,521.45654,541.79865,553.578,623.67004,542.2786
49,0,467.3766,461.87338,467.8703,458.8529,469.9418,456.644,467.43878,463.30054,488.4883,455.16656,473.78503,485.68356,505.65942,470.21353,486.31204,519.2946,531.28735,487.2922,493.35532,549.45087,535.844,511.854,510.1999,529.67194,529.7117,522.791,497.56033,575.13513,503.20038,563.6112,509.18445,615.3307,500.79532,610.3592
49,1,552.4293,428.19266,553.79114,424.49475,554.92,424.48798,555.24615,426.0996,572.701,425.2966,551.67694,446.39322,580.9103,444.98676,545.1308,476.60934,588.00586,474.6184,540.88983,498.98962,589.8219,497.82758,557.3373,496.50964,577.1913,495.65637,548.6402,526.7455,572.96375,526.098,548.5114,555.20496,574.8166,553.89526
49,2,555.8216,429.21777,556.4001,425.52994,557.43555,425.3567,554.464,426.33664,572.8284,424.78174,552.3779,446.96313,581.7883,444.24615,544.86646,477.26523,592.4161,476.37607,542.8128,502.99493,598.42474,498.65723,560.71967,495.6955,585.3112,493.7602,547.9342,522.63324,604.2518,518.7217,541.11664,552.5538,624.76935,540.9987
50,0,472.12958,461.1722,473.2477,457.2283,475.65155,455.5833,475.00644,460.73975,496.63205,453.86023,477.56183,484.25143,512.82916,471.55844,483.15436,517.18756,532.5739,493.45435,490.2483,545.1981,533.47266,520.10187,507.23343,530.6445,528.9797,524.5089,498.55777,576.076,504.0504,566.2101,516.209,617.57446,506.63034,610.41345
50,1,549.4307,422.7461,550.13477,419.4748,551.36945,418.5611,546.4683,422.69858,564.6359,419.2601,544.3964,445.44836,570.11444,440.10223,540.9825,476.68683,580.91315,472.19537,541.67914,503.11798,586.4466,498.31293,556.5236,492.5913,577.25757,490.12616,552.36505,525.01636,591.1537,518.21326,556.1246,554.88293,613.5383,542.9694
50,2,544.6815,420.80386,545.96765,417.25815,546.73486,417.1859,546.40643,420.45514,563.651,419.31528,542.9903,443.12546,571.65295,440.9254,539.0774,473.55112,576.4551,469.379,539.1064,498.89697,576.47955,493.17078,550.55536,494.45508,568.9409,493.57037,550.124,527.7675,564.71436,527.1771,554.65436,555.0846,562.6158,554.0671
51,0,481.49634,461.57452,482.31894,457.57413,483.87543,456.3839,483.95288,459.77695,503.0948,454.3158,487.14023,481.57025,521.02625,471.06113,485.67493,513.6065,538.665,489.58582,481.14716,536.9448,535.1652,508.25116,511.87695,530.613,533.2382,526.1078,505.7225,573.75616,516.9957,567.45575,518.4753,614.2226,520.37805,613.49915
51,1,538.23096,420.01413,539.60864,417.0948,540.17944,415.76636,538.88226,420.10413,554.4773,415.391,538.0182,441.18832,561.646,434.35962,536.7677,470.11703,571.9358,462.8905,535.9256,489.34894,566.9859,484.73853,555.5028,489.15338,574.37366,486.6342,552.80475,525.4781,584.6371,520.7096,559.3963,556.8022,605.1472,548.258
52,0,489.30252,461.12225,490.50888,457.71887,491.27557,456.73328,493.2895,459.96594,510.64026,455.90076,494.86148,481.73752,526.82104,474.30804,489.37045,513.81055,540.5745,499.1532,481.10767,532.43243,531.7452,513.8042,515.5312,534.0959,536.0189,530.79877,507.60968,569.64294,526.6411,566.1676,517.6647,609.6831,533.20386,604.93414
52,1,527.7884,416.47882,528.571,413.34647,529.8222,412.5115,530.8639,414.90057,546.16113,411.79913,533.89813,434.81232,555.4549,429.49432,529.9609,464.393,557.5581,457.58102,525.5754,481.00674,551.7717,480.72424,548.8287,485.4593,563.6356,483.27872,549.53674,525.2708,565.0407,522.30945,550.7045,561.5597,567.3056,556.94055
53,0,505.37527,461.68042,506.7216,458.1362,507.21155,457.53836,507.3943,460.35928,525.2015,457.9607,505.19357,481.09436,538.29156,477.13303,494.03174,508.85553,549.693,502.13727,486.40704,518.53906,542.1258,512.7331,518.6178,533.95746,539.08875,532.12476,520.0745,575.0931,535.29816,573.1194,526.18945,615.42395,534.8629,612.45374
54,0,505.28302,461.80136,506.71146,458.24707,507.0916,457.65613,507.3142,460.5064,525.28925,458.18158,504.85995,481.38007,538.4882,477.70218,493.70227,508.98492,549.65735,503.2268,486.33832,518.96906,541.8226,514.8919,518.107,535.1622,539.0745,533.4606,520.0863,575.962,535.93365,574.1161,526.37555,615.9206,535.9696,613.06256
55,0,517.5329,461.8947,518.1102,457.4829,519.6225,457.6654,514.9809,458.55676,532.9652,457.41544,511.02917,479.57242,542.7653,477.8179,498.698,505.0456,552.6286,501.7575,485.50647,517.36224,542.26044,511.0525,521.908,536.31744,541.3633,535.0516,520.6244,576.99005,532.4229,574.3655,530.14056,618.36615,532.2099,615.784
56,0,524.87177,459.3847,524.749,455.2666,526.23975,455.2096,519.65393,456.76727,538.66235,455.49542,515.5577,478.9776,548.30835,475.72537,506.68692,505.3194,563.39923,506.00934,494.47806,520.188,571.80505,533.2076,527.32117,533.1099,547.9652,530.75085,528.39154,578.16455,548.2309,568.56525,538.3219,623.16846,550.7611,605.35004
57,0,488.38745,427.2782,488.87814,423.45947,490.4105,423.5373,494.55243,423.85654,504.03894,423.6715,502.67163,442.7194,510.23093,441.4452,505.00107,472.75836,508.90652,469.3719,491.1178,489.6317,492.76004,485.01086,505.04663,493.8921,510.35562,492.5014,501.23123,534.5763,502.9968,533.5962,503.26035,575.94025,502.37177,573.297
58,0,536.07556,441.6788,536.10944,437.42288,538.60913,437.4306,533.43634,439.2694,555.1504,437.63702,530.7924,461.6734,566.2666,459.01212,519.6304,490.92145,578.96173,490.52417,516.31604,510.7834,578.37054,519.0584,544.7807,515.2498,568.1652,513.33307,544.1073,559.2788,567.14874,554.4344,547.8968,605.80304,567.4958,598.4718
58,1,470.58856,437.3326,471.0776,433.27444,471.63483,433.03687,476.31842,433.14526,487.78268,431.21558,492.88474,451.14236,497.2904,449.3587,501.30698,479.0488,500.904,476.681,477.93466,487.75574,482.77972,487.73282,498.9229,507.12555,506.1112,505.56628,484.3677,545.33057,515.41693,547.4506,474.12946,589.0896,525.9691,592.74054
59,0,535.93695,441.94034,536.0862,437.74417,538.52844,437.7686,534.03394,439.55304,555.2526,437.92892,531.54596,461.30103,566.80115,459.0616,520.6317,490.18506,578.91583,490.50696,517.3131,509.7705,577.737,519.20447,545.5659,514.86145,568.99866,513.2008,544.07104,557.95154,567.963,553.8811,547.5627,603.3929,568.4714,597.7971
59,1,470.46973,437.23343,470.968,433.2022,471.43002,432.9535,476.05823,433.05182,487.42456,431.13455,492.82632,450.71408,496.96075,449.15424,501.80618,478.8024,500.4276,476.65433,478.1682,487.988,482.14734,487.8348,499.2424,506.83344,506.51358,505.49194,484.36032,545.5665,516.87787,548.3714,473.5408,589.6481,528.0323,594.4881
60,0,536.7724,437.18176,537.5317,432.67322,539.3228,432.94952,537.7993,434.6915,558.0762,433.3279,533.92426,456.91003,569.4974,453.8966,518.47943,478.4386,581.56647,481.9091,516.11633,478.48828,584.79517,506.41168,547.50195,509.67224,571.51154,507.07263,545.7452,554.52655,576.1661,546.05133,548.15485,600.3162,580.791,584.49774
60,1,464.426,437.35852,465.16135,433.0276,465.85507,432.899,470.97803,433.75546,479.7469,432.14566,485.06097,453.95914,485.26697,452.37482,491.02985,480.7172,484.65048,480.25058,468.61002,497.06476,464.60056,495.82666,490.38947,508.83417,491.59323,506.818,482.01642,549.1026,490.16864,547.44434,473.75388,592.10876,486.938,588.98596
61,0,541.23615,432.7054,541.60925,428.08017,542.9477,428.33368,540.8196,430.12573,560.31323,428.98657,538.33356,454.92444,573.4244,451.079,532.8699,484.70795,587.6483,480.02222,535.42535,506.46228,594.94385,504.67438,551.92017,509.36816,576.07886,506.67822,548.1772,555.5876,577.0976,547.7733,550.3208,602.7052,580.6524,585.8471
61,1,454.81378,448.04626,455.42795,443.64755,455.19943,443.49045,463.70737,440.8774,467.9616,439.49786,481.4554,456.8305,476.03174,456.08972,488.76593,482.5717,477.75797,484.42865,466.21194,496.50775,461.3767,500.59387,486.0947,512.5268,482.9808,510.69794,477.73764,552.3166,476.26813,551.77826,477.71893,595.2867,478.12622,592.95886
62,0,541.01086,433.23874,542.14795,428.54572,543.9343,428.60522,545.0025,430.90964,563.5542,428.8683,543.6773,454.76926,577.0863,450.89996,538.5072,485.3443,591.2661,479.8122,533.2551,514.6497,594.72723,507.63013,555.6033,506.23108,579.1555,503.25824,548.0471,553.6927,579.1158,545.5895,548.3377,601.3105,583.93207,583.71423
62,1,445.9054,451.40665,446.48087,447.10593,446.63535,447.3279,455.6014,444.75787,460.5611,444.44617,473.02072,462.06064,464.0206,459.7555,484.2951,481.51587,466.38617,483.68036,460.10004,489.6985,454.82654,498.77106,478.91702,513.67303,475.56036,511.46136,471.4575,555.8211,485.89328,552.0743,468.9782,604.3205,509.16833,581.3009
63,0,545.7773,432.85938,547.3214,428.5036,547.8937,428.6552,553.5716,428.52698,566.02106,427.0423,550.53516,449.23642,583.9217,446.43668,542.49146,477.56885,596.59467,475.4697,537.4146,499.17102,602.80054,502.578,561.483,502.94525,584.43976,500.8991,555.64404,545.6751,584.73175,540.8741,558.25635,591.20404,586.5282,579.29626
63,1,435.00818,464.71155,435.7281,460.56506,434.09814,460.87756,443.58853,455.54526,441.32617,456.06805,464.35803,467.80502,444.83377,470.26056,484.48367,488.41748,447.32733,495.54242,479.29294,515.7604,441.0729,512.4865,472.62457,519.18585,461.92245,519.145,455.32657,556.8083,457.35672,556.07996,458.11798,604.2578,470.65665,591.743
64,0,545.9307,432.68375,547.49585,428.34573,548.18787,428.51843,553.5468,428.43887,566.20087,427.0102,550.31714,449.07593,583.7651,446.44925,542.50806,477.46567,596.0754,474.73358,537.2275,499.20624,602.45636,500.34247,560.818,502.16406,583.8715,500.30713,555.1027,544.0933,584.5213,540.1061,557.3389,589.2805,586.05237,579.468
64,1,434.99207,464.6659,435.74524,460.5017,434.17273,460.84653,443.5504,455.5399,441.34155,456.13638,464.11267,467.48026,445.00885,470.4269,484.2813,488.42224,447.51843,495.4781,479.3227,515.74603,441.24484,512.5932,472.376,519.0804,461.6828,519.5042,456.10654,556.4135,456.06332,557.6639,458.49207,603.5929,468.08026,595.58057
65,0,430.41898,467.47845,431.6603,462.6115,426.9223,464.46255,439.29657,455.97995,427.56653,461.42786,456.7895,466.605,436.95676,472.2368,477.52518,491.7417,438.61032,497.95508,477.0384,515.72974,430.7125,517.06744,463.68103,517.07733,452.06427,518.80164,456.64917,558.00385,453.46362,559.19006,459.26257,599.6478,460.46094,599.5552
65,1,548.4809,436.2483,550.4305,431.52182,549.00366,431.49988,559.91675,429.4178,566.4783,428.6012,557.48334,448.695,584.9804,445.7706,547.0206,481.96863,596.78564,472.14563,541.7395,506.02283,581.96936,485.17242,567.52386,501.4831,586.1938,500.37524,563.22095,543.5048,586.6624,543.7631,566.27625,585.92554,582.7597,584.69385
66,0,547.46466,424.2466,549.1868,419.5899,549.6593,419.9239,556.7469,421.3023,568.5232,420.2377,556.3665,443.31696,585.7436,442.48505,550.30096,469.68127,598.58777,472.5341,544.5003,480.36554,597.89044,497.94507,568.2855,497.5522,588.0106,496.40314,563.10736,542.22015,584.965,542.02783,562.9111,588.0353,584.9827,583.9307
66,1,417.43704,466.59058,419.12396,461.9179,415.19043,463.64746,428.10858,458.2532,418.31757,463.34674,447.8567,470.0961,426.88242,477.37396,470.7428,491.8142,427.10995,503.01978,469.29074,512.05725,418.87115,520.07697,458.16522,515.4726,446.08368,517.8337,450.74878,556.94244,447.79736,558.95776,454.36563,602.2617,456.9949,603.60315
67,0,409.0196,473.25015,410.27408,469.1641,406.99722,471.02002,419.26987,463.72568,408.91962,469.02838,441.63168,471.42664,413.97168,479.6241,463.54794,488.05658,416.9578,502.2834,459.3494,506.3656,412.4309,516.84766,450.12268,519.903,432.20477,522.5636,451.04166,560.8711,428.7291,563.4406,454.15912,601.09503,435.60623,603.3175
67,1,549.8769,425.79074,550.9076,422.1636,552.5882,421.65366,557.8004,422.9022,574.07336,420.58618,559.9439,442.36328,589.47144,439.02277,555.4542,470.87766,602.0083,468.0737,550.0094,486.63568,595.6309,486.53336,569.8501,495.1413,589.63605,493.19666,565.6006,536.6408,587.0174,534.9909,563.50635,579.4809,582.95276,576.48096
68,0,553.14935,426.79355,554.18427,422.56006,553.4501,422.57434,561.8398,420.57617,568.4812,419.91336,567.5175,439.21695,585.6648,435.23096,563.41254,469.06107,598.2556,458.98315,555.30383,489.96344,586.0972,476.59943,579.68994,495.65234,590.9275,493.48938,576.74994,537.8958,586.2357,535.8107,581.5089,581.3121,584.0463,577.4614
68,1,394.50574,477.66953,394.7823,473.0154,394.14737,475.0489,402.48468,468.5897,401.04904,473.56256,430.80304,477.51447,403.81857,489.83862,455.72864,488.79022,404.21936,513.5415,449.07397,508.25415,399.3123,522.90125,443.16565,528.4854,423.56668,532.33875,444.62866,564.6702,409.90427,564.8373,452.62402,604.5253,408.03302,608.18964
69,0,553.0521,426.3633,554.1144,422.30707,553.5127,422.14108,561.55457,420.64127,569.17114,419.50552,566.5195,439.29214,586.4601,434.86755,561.92145,467.76077,600.1994,457.96902,554.73505,485.6993,589.2291,474.4805,578.8992,495.0011,591.33734,492.7063,576.5414,537.25775,587.38104,534.95667,581.044,581.38525,585.1435,577.29706
69,1,393.83673,476.13956,393.7822,472.019,394.19162,471.16614,398.45404,468.94864,412.39615,464.87164,410.07758,483.84998,432.11102,475.67175,409.6159,506.91956,456.259,490.96246,400.03323,522.85785,449.2369,507.10535,427.50244,531.1241,444.32477,526.9057,413.66663,567.7808,443.2924,565.02747,406.1992,608.2677,452.45554,608.67706
70,0,554.042,427.5367,555.3062,422.68414,554.69745,422.3696,564.15173,419.72488,572.4261,417.03668,569.2792,437.0069,589.5683,433.2549,560.3788,462.02417,590.8594,458.69153,552.68445,468.18677,570.7912,470.06183,577.94293,493.32098,592.1401,490.5697,572.85114,535.93445,585.1484,535.19403,573.72034,582.6512,586.40155,581.81323
70,1,389.0814,478.47162,389.89264,473.70004,389.31058,474.19736,396.0789,469.90222,398.84674,470.4664,416.78137,480.6729,403.22452,486.6244,442.74603,495.7516,396.79227,511.47992,437.3356,515.4777,393.07834,532.32,435.4361,525.56445,426.90964,527.5259,431.89554,565.6993,415.0021,565.5581,443.46146,603.9814,415.71582,608.2972
71,0,554.51105,424.87204,555.26855,420.33142,555.56885,419.99597,563.2187,417.27078,574.2381,414.5237,568.8386,432.49655,589.55,428.91492,556.1063,453.77695,582.61334,451.1261,551.1315,462.31088,561.95807,461.08963,580.92883,488.40063,595.21783,485.82086,580.3766,531.2822,590.3653,529.55884,585.5945,575.2897,593.29193,573.42084
72,0,553.8873,418.18192,555.24603,414.3381,555.03015,413.83313,562.3047,413.33224,574.5633,411.28256,565.4263,431.34177,591.17584,426.86514,557.34155,461.02542,590.3065,453.96793,550.1284,470.3141,565.27905,464.62766,580.4608,484.78394,598.602,482.32166,568.89905,519.5019,588.56525,517.42474,572.043,559.51263,588.2826,555.60815
73,0,555.0045,413.02393,556.2677,409.01666,556.97314,408.9264,560.66315,409.57013,575.37964,407.30865,561.7407,428.84882,592.29144,424.76706,558.2063,456.98022,605.48883,452.6709,549.93,472.2321,602.637,478.93185,577.61676,479.93524,599.9848,477.45407,568.2253,515.6711,601.78217,512.1122,569.6688,553.4954,608.92645,548.3083
73,1,375.51624,494.34406,376.98315,490.26862,372.12637,491.99396,382.26187,487.6714,369.19052,492.40057,399.2559,496.4756,370.26422,510.10767,426.85553,508.53387,371.23682,539.2545,411.19116,522.56146,372.68405,560.44904,403.65085,552.2947,384.5604,557.3361,395.0079,590.13245,372.0956,594.0031,394.57193,629.6415,371.00958,628.74207
74,0,554.94666,412.9622,556.243,408.96674,556.9098,408.88492,560.7308,409.51852,575.3141,407.28674,561.9291,428.68915,592.2699,424.6781,558.13556,456.50565,605.21014,452.22458,549.83655,471.06458,600.8584,477.64825,577.84186,479.77316,600.1149,477.32254,567.97534,515.41364,601.6473,512.06854,569.3059,553.3442,608.93317,548.2313
74,1,375.38034,494.36487,376.87103,490.2956,372.03854,491.9668,382.1524,487.6842,369.16095,492.28204,399.07205,496.50342,370.12622,509.95746,426.7192,508.57196,371.09573,539.05396,411.1924,522.49854,372.3133,560.8124,403.60217,552.37683,384.48956,557.3752,395.1088,590.43005,371.71655,594.36566,394.85315,630.1846,370.69458,629.2505
75,0,557.7236,413.34497,559.4048,409.074,559.2231,408.60672,564.2423,408.54996,577.4531,405.3004,566.40295,426.01102,594.6863,419.66806,560.7766,443.02765,591.34143,427.87708,558.527,421.69568,569.07635,416.2752,580.5806,475.2783,603.2479,472.14166,566.8796,510.45197,604.76825,509.49994,564.9169,547.4819,611.63196,549.9512
76,0,558.12476,410.18982,560.0982,405.81744,559.8429,405.20547,565.86536,405.06863,578.1277,401.67737,569.166,422.90564,594.1732,417.66025,563.19995,447.533,588.6185,434.00378,550.98267,457.27606,566.9957,438.51694,582.2798,472.20093,603.85956,469.51038,568.61536,510.08258,610.8132,509.1693,565.11035,549.71155,621.82336,549.33386
77,0,562.79645,405.3769,564.02295,401.0759,563.9015,400.7265,570.31055,401.46228,580.5022,399.47812,579.0623,418.23047,588.82025,418.84402,572.41394,428.4368,570.09436,443.19876,563.88165,413.29205,554.9232,458.2024,589.7619,468.3798,601.75085,467.4778,575.3843,505.45166,609.343,505.70972,565.49677,539.27734,622.9266,538.5961
78,0,566.4052,402.5874,568.13153,398.68802,567.99176,398.58682,575.68994,398.5004,586.2216,396.3527,578.5473,417.1275,604.31537,412.7956,571.6571,442.6315,617.4062,437.29318,557.5218,453.10507,607.5642,459.26562,590.16394,467.66415,610.0471,465.02197,577.7511,503.55743,612.9673,500.7359,576.20636,544.5001,623.84607,533.9133
79,0,567.29205,402.7157,568.7995,398.71906,568.8491,398.66858,575.5853,398.3899,587.34625,396.3213,578.3294,417.29,605.13495,412.972,571.50146,443.42004,618.8509,439.3115,558.1269,452.3855,611.96545,462.95425,589.7925,468.13678,610.2448,465.36996,577.815,504.5279,613.3805,500.8382,576.83875,546.3112,623.73346,534.30133
80,0,569.9549,400.75842,571.94745,396.86133,572.0829,397.0545,579.5268,397.48016,589.8262,396.1724,580.1845,417.24542,608.30457,414.14563,574.82904,443.42096,622.97217,440.11575,559.9423,453.99176,617.6901,458.9782,592.905,468.3243,614.07837,465.90378,576.0326,504.17273,614.9945,499.33136,576.0741,549.1975,624.5734,533.5746
81,0,572.63257,401.4858,574.26984,397.63937,574.2933,397.26047,580.6901,397.88184,591.1286,395.36707,583.05554,416.7333,609.72217,413.7257,578.6127,442.5643,623.7115,441.62558,562.8168,453.36383,615.3117,459.2683,596.22284,467.96982,616.33026,465.25055,577.09564,501.03394,614.31274,495.36084,578.02435,547.9015,622.2202,533.5314
82,0,574.40576,402.7823,576.36646,398.91458,576.3144,398.92197,583.35565,398.76678,593.1685,397.07263,585.40826,417.58466,611.4507,414.23392,583.92755,444.61145,625.209,440.69986,566.33105,453.322,610.7986,455.72226,597.52325,468.4698,617.5796,465.91937,577.6533,501.1394,614.8223,496.54034,578.81305,545.5735,624.32025,531.45447
82,1,355.22586,516.8105,356.68402,512.91626,356.37387,512.13525,361.26297,512.0835,369.4006,508.52734,369.70526,524.58813,380.02145,520.79517,368.93808,553.029,380.17313,546.807,358.45584,563.5355,364.64304,558.6647,395.8165,561.0877,404.03638,559.14166,361.76016,594.4778,376.3641,595.2094,362.94144,636.1659,383.50366,635.5507
83,0,579.0827,400.02466,581.10443,396.2487,580.322,395.67508,588.3845,396.00824,595.8579,393.10794,589.3855,413.7806,613.8142,409.30777,584.179,440.86765,626.6257,433.13174,569.14124,452.4654,621.64307,450.917,600.4533,463.99045,618.7639,461.41693,579.72943,495.2746,615.99854,496.78387,581.78174,537.1304,626.4764,536.3813
84,0,579.0987,399.96118,581.1224,396.21167,580.3097,395.62305,588.4168,396.00864,595.72424,393.08264,589.33936,413.90527,613.6479,409.13904,584.14404,440.94168,626.7197,432.81476,569.23065,452.2725,622.5255,450.8081,600.4433,464.19366,618.6017,461.45453,580.10266,495.53473,616.0942,496.45972,582.4673,537.713,626.6321,535.78973
85,0,579.66974,396.85745,581.4899,393.40094,581.39734,393.20065,588.443,393.17465,597.6869,391.15332,589.79224,410.7543,616.1444,407.0556,584.9807,437.79626,630.4724,430.99832,570.8407,451.33383,624.3032,450.72797,599.2335,463.20837,618.949,461.18048,581.08655,495.7931,616.88086,496.03754,582.1223,539.1819,624.98987,532.2676
86,0,577.9604,392.0943,579.39764,388.24417,579.7833,388.0855,584.68567,388.84296,597.00397,386.6909,585.02734,408.45062,614.29297,403.90274,582.571,436.19705,629.59314,428.9901,570.1275,451.67047,630.372,447.0007,597.612,459.05908,619.053,455.99655,581.33673,492.97162,617.84106,489.89343,578.50714,536.50525,622.24915,526.63367
87,0,578.8404,390.32947,580.003,386.5252,580.91003,386.0613,582.9188,387.55698,597.95905,384.74155,584.062,406.38254,613.58264,403.4573,582.2943,431.12183,629.4192,428.84613,576.6804,438.7126,631.4534,446.05356,595.275,455.74292,617.2904,453.83215,582.09674,490.02887,619.79987,487.8807,574.87714,527.96234,621.8111,524.31555
88,0,578.59955,390.49213,580.30756,386.92264,580.8049,386.39996,583.23615,388.04852,597.90845,385.30716,584.20337,407.1014,613.83545,404.8317,581.60614,434.91318,630.177,428.90997,577.6189,441.65656,631.39746,446.28796,594.13116,455.88345,617.4773,455.7312,577.0874,484.56,623.66956,492.26575,572.13715,514.92645,635.1257,528.92975
89,0,578.11334,390.372,579.7962,386.40295,580.3102,386.05215,583.33295,387.59888,598.14465,385.0849,584.00684,407.70395,613.82166,404.80106,581.99786,435.39145,629.74805,429.82553,576.58655,442.1533,630.4375,447.14932,594.6465,456.45688,617.98663,455.09238,575.77734,486.61768,623.3849,490.80548,568.23456,519.8777,633.9759,527.8095
90,0,577.3187,388.9512,578.2033,385.58563,580.1296,384.9841,581.4344,388.1887,599.8384,385.31696,582.6479,409.40387,613.12537,405.4797,580.5087,435.45535,625.6825,432.46246,577.2332,441.42453,623.2287,444.5779,594.45593,457.6508,616.1571,455.4338,583.3866,493.34082,617.58234,490.8689,582.7591,523.0392,623.163,519.8901
91,0,579.9271,396.3606,581.52844,392.33054,582.3022,392.07385,584.3178,393.53107,600.4294,391.08456,583.6772,414.66153,615.7642,410.51233,579.7445,445.3831,627.66516,436.7994,577.0582,461.8711,625.3987,456.78442,592.1962,464.63644,617.72174,462.1755,576.85443,497.71527,628.1216,496.94812,569.2069,526.2667,639.4061,531.60944
92,0,576.89325,399.86884,578.4362,396.38672,579.19415,395.90872,583.19165,397.92007,599.0502,395.5268,579.2748,418.44485,614.6313,414.8462,574.711,447.68793,627.79156,442.43192,580.2641,469.17636,623.6354,464.02493,591.93,473.22583,616.0586,471.76645,586.01117,506.79797,618.0927,505.88452,591.47925,531.32227,617.9362,529.625
92,1,397.7865,489.8053,397.77036,487.2862,399.50763,486.35944,394.24826,490.761,411.59357,486.62668,394.09903,517.0121,425.55307,500.01105,393.7809,546.2937,444.77805,490.89398,395.30527,576.7458,454.206,479.15372,418.6191,563.1953,439.39136,555.71204,399.7222,588.2469,427.5517,582.78625,399.1475,622.52185,421.90472,610.7306
92,2,578.1236,400.4044,579.84174,397.17212,580.4899,396.45856,582.3088,398.65192,597.9952,395.18832,580.2918,419.79877,614.7217,413.8272,576.65656,454.44244,627.9498,439.81915,573.0248,485.3589,627.8216,465.8926,588.6632,470.3583,616.07574,468.1109,579.8553,501.4964,631.55585,500.89105,576.42554,524.41693,643.8591,531.0489
93,0,574.321,411.3726,576.142,408.32712,576.04724,407.7869,577.5694,409.77356,592.11194,407.32242,575.01306,428.1188,607.85693,424.6931,567.4048,452.47516,620.38446,445.5904,566.81525,460.68732,614.84076,462.51807,586.21265,476.20813,613.5613,474.4839,563.53735,498.93207,628.6248,501.42218,553.3046,527.2463,642.6155,528.80646
93,1,426.45035,469.3643,426.44785,465.59802,424.938,465.81616,418.83185,468.52505,427.50296,468.28714,418.70065,496.77466,435.63306,486.1271,408.994,524.52264,464.24713,475.8521,404.77264,551.4222,486.08728,459.95563,429.6296,553.3206,442.41772,549.1663,411.51407,600.49854,447.4379,592.4887,397.3893,641.14557,465.56442,631.81616
93,2,573.7673,410.44803,574.6003,407.36685,575.8758,407.01025,577.1077,409.25803,593.2237,407.25592,574.2011,427.9502,607.0073,425.15073,568.43005,452.52582,619.079,449.09805,569.13,463.49548,612.66797,461.8595,585.68976,476.45648,609.2772,475.0547,573.30914,504.13995,612.60913,503.04596,572.0512,527.11707,616.2688,525.19495
94,0,574.00116,410.85303,574.81476,407.76675,576.1046,407.2763,576.9994,410.1119,593.4853,407.54343,574.7936,430.4668,607.47266,426.28387,569.3185,456.8939,618.83435,450.89798,569.4272,469.3806,612.78094,465.59396,586.47107,480.18164,609.9318,478.08636,573.69824,505.8706,611.9589,503.90454,573.5629,528.2255,616.56665,525.57086
94,1,426.41574,469.29327,426.1746,465.6855,425.15836,465.7198,417.69128,468.935,428.50406,468.2132,416.64572,497.47046,437.66278,485.8328,407.578,525.6961,464.95337,475.8585,405.86087,551.56647,485.09937,460.4751,428.59384,553.5552,444.14957,548.80334,409.43118,599.98846,446.58545,590.6919,396.50494,639.21497,462.98996,628.56415
94,2,574.9612,411.87463,576.6153,408.82797,576.6284,408.25232,577.44666,410.44107,592.72144,407.83078,575.1679,429.9365,608.6936,425.49173,566.6786,456.73682,621.06775,447.35535,564.7771,470.434,615.4104,465.47083,586.44916,478.10886,614.2701,475.68402,563.0126,500.64362,628.4675,501.22955,553.8687,529.2395,643.3567,529.56165
95,0,434.0502,467.04736,435.68134,463.5605,432.42078,463.5111,434.21796,464.6737,432.85028,465.06802,440.19763,479.16452,429.15775,487.19434,473.88663,472.8424,410.68732,513.6635,493.72406,455.17545,405.84845,538.5023,448.2761,538.2429,445.08066,541.6851,442.36426,581.031,447.58652,583.56635,452.70505,618.80963,456.3776,619.1
95,1,572.5914,416.52393,574.056,413.8318,573.7662,413.3144,571.74744,414.95886,586.65436,412.7746,568.2005,433.01755,600.59686,428.78802,559.6234,462.40826,612.9241,451.45142,554.4878,487.98987,610.98773,471.44086,578.91583,481.6086,607.3758,479.57965,553.8533,503.53735,625.3677,503.1029,544.604,538.64014,643.04785,531.26605
95,2,570.45764,415.49588,570.5147,412.61246,572.6785,412.11838,570.0849,415.31482,588.9859,412.55798,567.144,434.94418,602.6317,430.18552,561.0167,462.68463,613.4989,454.72754,559.9766,482.37488,608.94727,473.8933,580.89154,483.45935,606.3218,481.21655,566.5395,506.61462,607.7615,504.40802,564.4422,533.43396,613.3597,530.3621
96,0,440.12228,460.36572,439.53427,457.36438,441.41998,456.85968,431.8481,460.64987,452.23047,458.30356,430.14536,483.9689,462.06638,472.54333,415.82446,507.64764,487.40384,465.73752,404.41904,529.87244,501.0432,454.19806,443.3735,536.7068,463.61185,532.1329,432.45142,581.58636,459.29803,575.40466,431.68494,629.261,468.13867,618.7705
96,1,561.3578,418.18228,562.1546,415.16287,563.41095,414.4389,562.8279,416.62338,581.2876,413.49683,561.60126,434.62146,595.7135,429.53726,557.25696,461.74664,605.46765,454.85324,558.70935,476.54642,596.89667,473.89926,575.7491,487.909,600.42676,485.37903,563.5985,516.50146,603.20996,513.6421,566.68964,531.48486,609.67706,528.13855
97,0,442.73856,451.02097,443.03717,447.814,444.9845,447.87244,438.87683,452.2771,459.3986,450.6933,436.08224,477.30035,468.77045,467.92508,419.5874,500.69922,497.27783,463.0641,406.23898,518.3926,515.2205,453.7999,450.18365,532.31287,470.22928,528.8124,440.2956,577.42346,466.3506,575.49023,437.7574,627.3893,473.73822,620.4113
97,1,550.61804,419.9973,551.4711,416.72644,552.9599,415.9965,554.8828,416.9221,571.5294,413.8693,555.933,435.33377,585.7105,429.7365,550.7367,457.65897,590.689,449.12106,552.4734,460.56958,577.8072,455.85153,571.08685,486.57953,592.7502,484.00177,564.5975,514.1614,596.8483,511.43225,573.21686,528.3327,605.27686,525.03
99,0,540.2367,416.57855,540.77515,413.94025,542.0168,413.64154,542.243,415.29114,555.73315,413.82098,545.753,431.82092,566.2613,428.9612,542.9637,453.14536,569.0727,449.16342,537.433,455.74768,556.1427,455.35168,555.95593,471.0916,570.7843,469.32172,551.7608,495.0725,571.43536,493.05286,555.68097,512.0904,576.978,509.62207
100,0,468.45657,435.88483,468.0551,432.7739,469.89645,432.3063,461.66434,435.28354,479.44092,433.33954,456.66473,457.87283,490.40356,450.43927,442.14395,481.58368,511.90463,456.60922,430.11572,490.1245,525.61694,457.649,469.36636,506.018,488.90204,503.9231,472.8461,544.4157,489.26498,545.7122,478.88187,582.2766,486.70038,584.7489
101,0,471.47974,433.69354,471.68597,429.95532,473.29816,429.79752,468.16113,431.89,487.41873,430.0508,463.16385,455.1936,501.16852,447.88263,449.60852,482.1057,530.51715,460.7866,435.05862,490.30017,538.45734,463.79807,478.0452,510.87408,500.3447,508.15332,479.3098,558.8318,499.7123,556.3387,489.3019,606.85394,503.8539,603.34796
102,0,489.0577,430.56073,488.05234,426.8077,489.09857,426.637,477.08066,428.99557,495.14816,428.43314,469.51337,454.98206,506.94568,448.97037,454.93533,482.49313,535.4196,462.526,446.2881,491.70923,548.3548,465.4965,482.36197,512.40607,504.86337,510.5755,484.9491,562.7622,507.52655,559.08984,491.78775,612.2464,511.18536,605.92346
103,0,495.47586,424.8098,496.5974,419.7458,497.01663,420.10062,491.48813,423.2074,510.89606,422.5934,483.53226,454.1799,523.29504,449.37912,473.84427,485.45773,544.6277,470.70703,473.1892,493.08832,536.51514,466.27094,492.99243,511.13733,520.47266,508.56885,489.04944,561.934,525.59436,552.9922,493.75986,612.4855,534.34875,594.6499
104,0,495.37085,424.76608,496.48242,419.73236,496.92245,420.05826,491.39838,423.23846,510.75946,422.54922,483.44366,454.22348,523.1961,449.38794,473.8372,485.72937,544.5936,471.05246,473.41946,493.15985,536.37964,466.27432,493.24405,511.149,520.6307,508.594,489.6237,562.0531,525.7232,553.1357,494.76108,612.2798,534.23413,594.70355
107,0,514.24524,435.76358,515.2776,432.26105,515.04266,431.93362,511.82993,435.15457,528.698,433.02487,509.3192,458.04474,539.60974,452.45932,505.9069,489.81683,552.8777,472.5983,501.13287,504.99634,546.52606,475.77087,522.2646,509.8485,541.16473,507.76654,525.524,548.9059,537.9604,546.8948,539.7491,582.0236,543.48517,579.93286
107,1,513.98047,437.10565,514.44507,433.51917,516.198,433.27435,510.315,435.05164,529.29846,433.25494,506.41937,455.76767,542.4955,453.34756,500.07834,486.0513,557.82495,475.52795,490.68594,504.07874,545.2992,478.1801,515.41046,506.2644,541.23804,505.1139,493.5805,536.2682,534.3461,538.32275,496.1009,570.3,542.2918,575.1997
108,0,533.27844,431.82718,532.65955,428.03622,534.20715,427.79245,522.7983,429.6052,539.98425,428.9868,511.18863,451.61664,551.8931,450.65552,497.7279,483.73712,568.5116,475.94974,484.0556,508.77142,576.12036,485.77637,524.38367,505.67828,548.7079,506.1549,521.75037,537.4901,537.5572,542.6059,538.39844,579.7229,542.1835,586.6346
109,0,533.22504,432.01395,532.6084,428.22028,534.14246,427.98087,522.8034,429.7397,539.9107,429.13885,511.3187,451.58243,551.82965,450.68802,498.07263,483.76422,568.4286,475.91785,484.59366,508.66217,575.8755,485.89777,524.4676,505.54858,548.6567,506.10907,521.76184,537.306,537.4096,542.84814,538.4689,579.1106,541.9252,586.8091
111,0,528.5765,428.06628,530.1932,423.93658,531.0335,424.02017,532.7629,425.97464,547.8114,424.3406,528.5608,448.6004,562.5631,445.2034,526.4154,478.99487,577.5961,470.69626,527.7084,500.94824,584.4538,486.42627,543.4102,501.51593,566.9567,499.9226,543.24384,544.7496,574.0731,542.6027,548.7169,589.5991,577.11975,585.78015
113,0,530.1483,424.3014,531.724,421.04083,531.99036,420.1065,538.1945,423.0416,550.4645,419.22427,540.717,440.1501,566.1741,433.57227,540.2742,469.0479,584.3015,456.5991,537.24146,489.56158,590.55524,472.55603,561.83246,469.31552,578.5327,466.79276,552.9246,505.80365,577.0252,503.0669,555.749,541.5677,582.7544,537.5746
114,0,531.6782,422.52472,533.0502,419.33936,533.7284,418.54926,539.14484,422.17532,551.72375,418.77963,542.01373,440.57834,566.0775,434.257,541.4967,470.02008,584.6007,456.85968,536.985,491.05945,590.55383,472.74637,560.73737,473.39,576.59595,470.93466,554.04584,511.2379,578.9781,508.57172,554.66693,545.75757,583.7702,541.7539
115,0,533.7767,418.89545,535.358,415.5969,535.65137,414.87885,542.0507,417.24997,556.1646,414.2738,543.37067,435.63757,572.68097,430.63364,541.916,462.83224,588.0401,454.85678,539.2212,477.77286,584.3203,469.5492,560.09955,478.57736,579.9265,476.49008,554.9473,517.95746,580.0039,515.99194,556.5472,559.68054,581.81683,556.0443
116,0,539.0845,414.22665,540.4201,411.27246,541.6494,410.73883,545.8294,412.61627,559.0613,410.4983,546.53296,430.82736,573.3695,427.41116,541.41547,457.39563,588.361,451.77454,536.09265,477.03204,588.31213,470.93723,558.9815,474.73947,577.3199,472.9941,554.8071,508.84967,581.6781,507.0244,554.5326,545.7741,584.06854,543.1962
117,0,542.24,413.21353,543.36554,410.232,544.4867,409.6234,547.0693,410.95917,560.8329,408.7444,546.91266,428.51584,574.89905,424.8248,539.6826,454.35074,590.2192,448.5594,533.7458,474.5384,589.4845,469.66898,559.0758,475.83182,578.60474,474.0061,553.6114,513.1272,585.39294,511.07013,552.1659,551.22797,589.79504,548.29297
118,0,544.5076,410.8497,545.834,407.43445,546.67596,407.0199,548.96936,408.61182,564.2599,405.9092,545.7471,428.90494,580.438,424.0244,537.68243,459.0696,594.7443,450.7064,533.47217,483.1097,591.22614,471.74512,555.3231,478.21234,582.37915,475.51007,544.1222,510.05505,594.407,506.92468,543.2395,551.53906,608.329,540.43933
118,1,404.6028,483.58817,404.85953,479.22668,404.67697,478.20337,413.06363,477.13486,422.55746,472.9471,430.26102,492.7293,431.1201,488.85114,432.3751,519.02515,425.52167,517.04706,412.24554,528.287,405.24585,524.79706,449.64624,536.1452,457.2007,534.0276,416.4842,565.4045,448.7756,569.4867,402.32236,595.2589,481.40936,585.5968
119,0,544.4499,410.69974,545.85785,407.3227,546.6055,406.8768,549.02344,408.57153,564.15515,405.76477,545.57983,428.96378,580.45447,423.7907,537.51025,458.7819,594.9709,449.6984,533.13403,481.79956,589.30896,469.0573,555.6832,478.8276,582.8478,475.96753,544.2187,510.2102,594.5968,506.73474,543.23444,551.77734,608.0202,539.58356
119,1,404.94852,483.7268,405.2263,479.45673,404.74753,478.47345,412.72772,477.182,421.6244,473.33023,430.49814,492.28375,431.5877,488.70624,431.24088,518.1643,426.84827,515.86755,411.94858,525.2076,407.25287,522.6755,449.48117,535.0792,456.92358,532.7709,415.7663,565.0661,448.7245,567.4595,404.15195,593.75775,480.81342,585.0041
120,0,544.33527,414.29425,546.4914,411.2455,547.2068,410.88358,551.7082,412.1121,565.4343,409.68335,547.87213,431.42004,580.9456,426.30756,538.7384,462.6425,594.42456,451.2243,532.64557,484.17523,592.0115,472.92212,554.45233,481.45227,581.9716,479.23273,537.4181,507.4004,598.0668,507.88037,533.33154,545.9267,618.5857,535.8169
120,1,431.44003,498.09473,433.32477,494.94983,431.08734,495.43616,440.1653,495.06396,434.19196,496.51965,448.3115,507.56854,437.02728,509.15247,464.61066,527.6331,422.27042,525.027,452.38602,545.0003,413.22873,529.3321,449.7824,545.98145,444.0105,546.19006,435.2847,566.1796,433.9171,567.1559,448.5739,590.4164,440.37643,590.2707
121,0,545.854,416.38446,548.3244,413.2495,549.2407,412.97192,553.2661,414.8396,568.0137,412.53656,548.8295,435.46042,583.0015,431.51575,542.71265,467.11807,594.97217,457.71985,535.8471,485.69244,584.9202,474.37836,555.20087,487.8223,584.3556,486.1866,535.87885,508.01758,601.99036,509.96423,530.68256,545.2981,621.268,533.8335
121,1,412.2791,471.3104,413.2221,466.75467,413.72195,464.63055,421.49417,468.1304,435.33777,460.47333,435.85004,489.05084,444.10873,480.81424,441.8173,518.46027,444.7611,512.37384,431.93927,540.70905,428.59613,532.18054,459.39423,530.40027,472.08844,526.22925,423.89294,557.4038,458.5392,557.61194,406.0888,598.3242,488.46246,583.2781
122,0,563.87885,423.46613,565.0208,420.4064,565.4792,420.27832,559.79865,421.54282,576.5915,420.75464,552.4627,440.7137,586.86755,439.6286,544.8094,471.96927,597.2536,470.01294,540.5449,491.4629,598.67847,488.8202,557.1564,492.57867,586.11774,491.96173,540.91815,514.2423,606.1279,512.1688,535.3565,546.50903,621.645,537.2666
122,1,426.18085,464.61404,426.96,460.50443,428.19153,459.24902,428.32904,460.67346,447.1362,455.43817,431.8396,479.81476,456.4954,472.8767,430.6736,509.3291,460.1408,500.32153,430.41928,531.46014,445.76663,519.43604,447.90814,524.1419,470.21896,520.5502,426.12674,550.6494,469.29657,549.113,418.4016,587.1006,491.499,580.7825
123,0,437.11176,457.76157,438.90787,453.815,439.70135,453.8386,438.1449,455.3498,457.6936,453.73172,432.59283,477.33136,469.45163,472.94397,421.74756,501.9829,483.37192,497.3496,425.8554,516.8371,477.70245,519.4908,446.65308,532.19336,476.4958,528.6818,423.4488,559.9909,487.6295,549.1206,425.53217,607.84735,510.1368,577.5476
123,1,583.4037,425.32462,583.88666,421.7271,583.6552,422.03375,573.29095,423.2456,589.59686,424.0746,564.023,443.0855,596.24194,444.1596,554.49646,471.14853,609.0048,470.5148,555.12274,492.4928,611.32806,489.32483,567.9381,491.9699,593.7711,492.5467,555.3148,509.0653,609.98596,509.18195,548.5532,539.06714,624.83203,539.35675
124,0,435.05588,457.37274,437.0715,453.35855,437.84552,453.31952,438.0689,455.13724,457.20593,453.1408,432.6606,478.30853,469.75623,472.95233,421.38486,504.92108,483.72693,498.81635,426.10126,521.57916,479.74683,522.97784,447.5101,534.4587,477.50024,530.44696,422.79648,560.8493,487.73795,549.55115,425.70383,610.78687,511.04935,577.7329
124,1,583.24316,424.94598,583.91077,421.27914,583.4238,421.55206,573.19525,423.52078,590.1704,424.28262,564.3269,444.06628,597.07745,444.7287,554.67004,472.42587,609.5309,470.05988,553.4269,493.3405,610.7023,486.81494,566.00995,493.94275,592.7897,494.14044,551.5021,508.5545,610.64996,508.19348,542.5055,540.4668,626.6897,540.35236
125,0,443.37695,453.94595,446.03622,450.55096,446.37418,450.62286,448.11722,453.33572,464.89877,452.1945,439.0852,475.45337,479.30817,473.28778,421.37344,494.3462,492.86417,496.6106,423.13663,487.03555,485.24368,517.9446,449.80396,535.0014,482.29706,533.1992,425.99673,557.3502,500.06848,554.1677,425.92944,607.46136,523.2333,583.6843
125,1,595.43805,425.44012,595.33215,422.5373,596.18646,422.49792,583.9414,423.6595,602.67816,423.96072,573.029,442.78577,610.9476,443.67932,563.3609,469.91513,617.9695,472.20642,564.49567,486.83813,621.84814,484.83035,573.7689,494.67188,604.3311,494.64655,556.679,507.04248,623.3201,506.45624,549.1255,544.793,626.4983,538.34674
125,2,595.82587,425.90662,595.82135,422.07916,595.82837,422.44904,583.54736,423.35767,603.0918,424.284,572.2041,442.8175,610.271,443.97226,563.5348,471.9982,619.8231,472.72562,566.9903,488.43378,618.89404,488.0108,574.14435,494.3922,601.74817,494.9203,567.7552,516.9474,612.20404,517.4516,562.20685,548.38403,614.70465,549.1155
126,0,457.52652,453.9669,459.86368,451.03528,459.59937,451.18588,458.3485,453.9067,475.132,453.37296,446.978,473.68958,488.2187,472.94116,425.53183,486.84213,504.8112,494.87213,432.88513,483.55563,501.93585,521.06824,454.21786,532.4599,487.25742,530.8019,433.2849,559.8821,508.1168,552.1468,428.01117,609.38165,527.1028,583.7321
126,1,608.4681,422.10068,609.0835,418.54352,608.11,418.5378,595.18,420.53665,613.7211,420.91577,584.46234,440.22403,620.2866,441.4079,573.5082,466.7152,628.9176,471.20117,579.2577,479.58987,632.02325,489.10815,586.13104,493.50354,612.59845,493.9273,580.9036,521.5618,625.2022,521.2142,576.014,550.8485,631.8357,550.7245
127,0,463.87155,449.38855,466.54578,446.14923,467.07608,446.6826,468.52615,448.56183,484.54752,448.83997,458.1441,466.39865,496.6058,469.18546,433.68723,478.86194,515.8365,487.9383,434.45816,491.4441,503.52365,493.49646,463.00528,525.719,493.5306,525.9769,440.65417,556.2078,511.7686,554.2939,432.12073,606.88983,533.96765,582.4801
128,0,504.8309,443.2726,505.03143,439.18082,504.99637,439.30023,488.0192,439.98273,508.7563,441.26044,474.27997,460.77637,509.77304,460.8887,457.86212,475.92584,528.5029,480.23404,470.879,485.24762,538.56903,490.4298,474.27457,514.657,503.39224,513.3517,456.08362,553.6184,522.72656,539.7562,432.9197,602.86597,537.9154,577.9845
128,1,638.34534,412.23712,637.2655,408.6289,638.3215,409.108,624.0069,409.0316,642.12445,411.2527,614.10486,425.4834,645.0048,432.34708,592.758,442.36957,654.40186,460.7626,602.6774,447.37274,655.25507,478.3774,611.2402,477.10867,631.9948,480.0392,603.38074,514.09393,628.5597,519.7664,591.4275,544.49164,619.65216,546.8742
129,0,505.18863,443.415,505.29507,439.29825,505.2954,439.42633,487.9235,440.02423,508.73413,441.3617,474.0543,460.8711,509.73773,460.99435,457.86823,476.12048,528.57434,480.71347,471.5954,484.99655,539.2676,491.20392,474.10452,514.96277,503.28638,513.61755,455.96762,553.7277,522.27515,539.5133,432.66562,602.96063,536.896,577.7545
129,1,638.3278,412.19473,637.2735,408.60788,638.3148,409.03223,623.87854,409.08786,642.2313,411.2043,614.18036,425.60318,645.02893,432.48016,592.8649,442.27588,654.50507,460.8599,602.64404,447.44382,655.6577,478.80942,611.32495,477.1431,632.5377,480.16,603.0987,514.56946,631.7547,520.38715,590.6477,545.7522,625.8413,548.79877
130,0,507.0262,439.62006,508.34198,436.00366,508.66486,436.3112,499.29324,438.95093,519.6743,439.83878,485.77203,457.8182,525.5311,462.913,461.58676,465.82004,544.7896,486.5408,458.82834,484.9887,557.6151,501.9533,480.63217,514.2715,511.5269,514.24585,466.128,549.19196,533.2448,538.98737,439.25162,595.74744,542.89105,582.56714
130,1,650.10895,411.23615,650.04114,408.0533,650.19794,408.17245,634.8847,407.821,650.64166,409.84897,620.8595,422.88458,652.0071,429.38284,603.3807,436.75278,655.02014,457.64996,610.37036,442.4564,663.0853,477.59387,616.79205,474.9685,636.45374,477.6384,620.4839,511.81555,641.8364,514.0585,622.3997,540.5794,640.2048,543.9413
131,0,527.19366,441.3094,527.14905,437.7586,527.537,437.9194,512.46326,440.29318,531.8034,441.88065,498.37195,458.12866,535.12695,465.06207,472.74918,467.62036,551.95404,491.46948,460.3458,486.16888,562.03345,502.88507,489.57846,512.36224,517.8469,513.52655,476.32944,550.7109,537.6487,543.5472,448.70334,591.6184,545.0276,583.4155
131,1,658.3824,413.42615,658.65485,409.716,658.5168,409.9934,643.67303,408.38943,661.0194,410.89624,628.8336,422.27347,660.9547,430.09232,611.10547,437.42365,662.20917,461.8799,621.49457,442.69324,670.3616,484.20273,625.7976,474.62512,646.24713,478.2112,634.9693,509.115,656.49384,512.28375,634.3233,540.699,651.3692,544.47345
132,0,539.2759,441.99152,538.62305,438.28726,538.8359,438.63297,522.44226,439.2653,540.22485,441.48972,506.6608,455.50415,543.2512,464.14175,484.0908,468.62723,555.8254,493.89777,483.265,493.9453,561.5123,505.19507,497.07733,509.87372,525.0141,512.44635,485.05588,546.20465,540.67206,543.6386,461.33618,587.501,542.94653,582.8716
132,1,669.35,412.13638,669.6754,407.8746,668.8966,408.53717,654.22424,407.8473,671.9919,411.34885,639.935,423.67532,670.33813,432.33072,623.81213,438.3757,668.02686,462.3897,632.41504,442.21194,668.2161,481.47766,630.0734,480.02,650.357,483.68814,639.64594,508.07526,666.6318,511.58002,634.8398,538.8975,662.77795,543.53656
133,0,558.63306,437.73737,557.5283,433.38498,557.40405,433.7889,538.447,433.91193,552.54016,436.82617,521.6027,453.55646,550.5427,460.3235,497.9639,470.27032,556.4542,485.1928,493.55902,494.62573,562.8251,501.68622,510.24744,504.0796,532.04926,506.37775,506.14224,540.6598,544.1825,541.5813,488.04077,582.66766,546.6366,580.9739
133,1,695.14417,420.16296,694.86017,416.37177,694.4655,416.9555,673.2783,415.38586,690.3509,418.25424,657.55945,429.9448,682.17926,435.47498,640.49817,454.15503,675.618,467.4807,649.02826,467.83707,683.1455,489.69995,643.7707,485.18018,660.6417,487.6632,651.7274,529.1083,676.0088,531.12463,647.4957,563.5043,675.5722,567.4054
134,0,558.1826,437.77448,556.95123,433.44464,557.2648,433.83588,538.01355,434.09766,553.88055,436.95743,521.9507,453.68362,552.1319,460.51538,498.02692,470.2014,557.3278,485.57483,493.8657,494.71698,563.0114,502.1137,510.94223,503.78735,533.32336,506.1427,506.50708,540.5192,543.06244,542.2684,488.37292,581.6232,544.9093,581.0217
134,1,695.1819,420.20016,694.90784,416.4015,694.49994,416.9862,673.32227,415.38806,690.3999,418.24756,657.55237,429.944,682.21735,435.423,640.5295,454.3799,675.6153,467.46848,649.1564,468.44974,683.18823,489.78937,643.7412,485.15552,660.68463,487.62857,651.64014,529.2138,676.1532,531.2315,647.3427,563.7104,675.7583,567.62286
135,0,561.5099,435.35245,559.8659,431.48672,561.3336,431.56488,542.05304,432.43344,561.3273,434.5324,529.20667,451.2954,563.67,458.11722,503.17624,467.93912,568.44275,483.73605,498.49677,492.36877,566.94885,502.77008,525.06604,505.47162,548.82086,507.90393,519.7404,542.2533,549.26996,546.9583,505.2859,582.2768,543.83124,585.3904
135,1,702.0109,429.62286,702.168,424.8429,702.26794,424.9983,683.47546,421.70404,697.88824,424.40234,671.11646,438.23297,683.52747,441.74045,671.9504,466.75476,676.86035,469.77533,687.7696,489.8498,688.0902,492.04053,651.8243,492.57715,663.4243,494.87,650.4896,538.6568,672.88074,542.7404,644.7184,584.32947,674.9891,588.0095
135,2,702.0979,428.47076,702.77014,425.2932,702.47766,425.4817,687.69556,424.86438,698.67346,426.0989,676.2362,438.8658,683.1264,440.62067,674.08185,468.5083,679.00195,468.74704,683.93243,490.0271,687.3743,492.1184,656.269,491.79108,661.1654,492.46997,657.8433,536.02716,665.8125,536.24286,650.9061,566.85614,660.9314,569.14905
136,0,569.1748,430.9868,567.83435,426.68512,568.47095,426.70212,550.24896,427.3038,566.80554,429.07056,536.7528,449.04462,568.4902,452.25906,519.8924,473.52893,575.71204,478.9765,519.86926,498.48364,571.5549,497.46533,533.7016,501.72583,554.97833,502.84644,534.5752,540.83154,553.8297,542.9036,525.7218,582.71405,545.1489,581.1755
137,0,566.9143,426.51776,566.4427,422.35004,568.06116,422.7659,553.66876,422.72687,573.50183,424.89294,539.54614,442.04855,577.23035,449.24832,515.5984,458.91312,581.8305,478.33505,502.7755,479.9329,576.4088,500.71326,535.5236,495.80133,559.27026,498.67236,539.9093,533.6488,557.87744,538.41016,540.912,573.49115,549.8512,574.70886
137,1,723.1656,439.2174,723.35754,435.65762,722.38135,435.45026,710.46326,433.61877,714.22546,433.42923,700.61005,446.04608,697.6745,447.1757,696.7908,472.38797,686.7286,475.11475,702.4566,492.6496,696.2405,495.0678,684.347,493.8073,682.4114,494.8954,694.35754,522.6441,689.971,524.1262,687.8641,533.9646,684.2327,537.59875
138,0,570.5716,415.7424,571.34125,411.71796,573.3166,412.81024,564.2829,412.45706,584.01044,415.9977,551.30133,430.0822,585.7073,437.85538,526.8265,451.10217,592.9176,464.7042,509.95612,473.8198,594.5401,489.02808,551.9751,484.08865,570.7196,487.39865,559.0339,526.7597,569.4107,530.61707,564.5453,556.18835,563.4736,560.56134
139,0,570.3862,415.55423,571.153,411.40033,572.8841,412.61295,564.2149,411.87653,583.4877,415.83612,550.7669,429.8357,585.61005,438.5165,526.46814,450.67953,593.5415,466.0354,508.9603,475.06018,594.3208,491.46906,551.7343,484.11722,570.8324,487.92282,557.91504,527.38904,569.7817,531.9293,564.1408,557.12256,566.3267,562.04376
140,0,582.14606,412.2478,582.2395,408.34363,583.20544,409.24472,570.24176,408.88013,588.1504,412.07416,556.9083,427.368,591.0342,434.57788,534.49493,448.50812,597.33746,460.72983,520.3213,472.5003,597.1586,481.18094,557.10547,484.4121,576.76544,487.5647,561.6345,527.9741,576.09985,531.8578,564.1352,556.3231,570.97046,561.1992
141,0,593.7882,409.93835,592.091,406.2968,593.6198,406.6526,577.57184,407.1533,594.2296,408.94144,564.04626,424.39093,598.68317,431.2446,541.9585,440.06662,604.5572,456.87946,528.40875,462.7103,597.3244,467.679,566.3113,471.7791,586.91046,475.29712,570.5969,499.7079,581.8074,504.65527,574.679,530.9723,574.12286,533.8871
142,0,600.358,409.85574,599.89374,406.04144,599.60754,406.56238,581.6701,406.9812,597.82074,409.7514,570.606,425.15372,602.16425,432.07794,549.50104,441.36578,607.33813,457.23276,536.0998,453.67447,602.3797,475.79852,572.0553,473.9041,590.48145,476.50162,578.2196,505.04913,589.74554,507.3438,583.27765,523.47284,585.83746,526.6718
143,0,611.591,408.23148,609.2567,404.22507,610.8491,404.57318,592.99005,404.8794,610.0674,406.77054,579.7761,424.09686,615.0534,431.76422,557.68567,440.59177,620.6848,461.21606,548.1514,462.59076,615.31366,477.02814,583.70514,478.17737,604.2344,481.8948,595.8469,514.69946,603.2288,519.4963,597.16614,549.29114,587.2765,551.9885
144,0,611.89526,408.1641,609.47314,404.13742,611.06824,404.40662,592.9138,404.87982,609.7041,406.55994,579.4124,424.58102,614.86194,431.6748,557.8583,441.86703,620.7058,461.01245,547.2467,463.8283,615.5422,477.0777,583.9483,478.67035,604.48224,482.19592,596.4969,515.1693,603.1391,519.8562,598.2244,549.47974,587.29895,552.1866
145,0,619.46716,404.5334,616.1891,400.7934,618.0466,400.96106,598.21954,402.40585,614.4826,403.93042,586.62616,421.1157,620.7661,427.2648,564.89557,432.9486,625.9478,454.01788,555.8815,445.01135,621.36395,469.86258,590.11066,473.0867,611.02435,475.50177,595.792,510.8636,612.32983,510.9906,587.6284,544.79193,598.647,547.9462
146,0,623.99023,402.03073,622.7792,398.77124,623.28766,398.78818,602.82227,400.7842,620.25183,402.35056,593.1593,419.8198,624.67773,424.9972,574.3691,428.69867,629.4784,446.3405,570.6892,431.732,627.54425,465.2164,596.5375,465.33838,615.9017,467.16318,600.87445,495.9604,618.45465,496.75818,605.4678,518.74054,616.97534,519.8683
147,0,628.8563,398.69647,627.6129,394.9944,628.2156,395.27136,606.6221,396.10684,625.13367,398.16553,596.0333,415.07382,628.6378,420.66327,577.79755,428.5334,633.918,445.01175,573.6462,436.77145,633.3639,466.7696,601.5537,462.3463,621.6414,464.54987,606.04364,501.29254,623.7247,502.42004,611.5548,529.73083,623.1073,531.1599
148,0,622.4716,390.9764,624.6711,387.50534,621.73914,387.30786,625.2007,390.7118,623.1253,390.4123,630.4706,410.82104,610.6554,409.81415,638.3129,429.57318,588.2709,424.3318,617.0951,426.24887,587.14655,423.86765,626.8855,456.00974,614.3647,455.92874,629.48987,488.73676,616.0479,488.61517,632.2711,513.2731,618.7341,512.75854
149,0,621.13226,390.83395,622.3808,387.38065,621.613,387.32947,618.7727,390.62338,629.8492,390.75214,615.5557,410.57977,628.26227,410.99164,610.62915,426.97528,616.7782,426.5126,603.33563,422.42773,600.34204,424.8166,617.7805,459.08167,626.6886,459.40872,618.99744,490.87048,627.1016,491.56787,624.03345,514.989,627.27765,515.21136
150,0,629.35706,392.09106,628.99585,388.21738,629.53314,388.22168,618.5113,389.22476,635.44836,389.7331,610.0076,407.6297,642.8563,411.42822,592.62775,420.54807,651.2624,437.3725,591.2917,423.86462,646.87683,452.84833,616.1687,458.54193,639.4715,459.63354,614.9617,493.7461,649.28827,491.4292,610.7716,533.0396,651.9892,527.67285
151,0,628.8242,393.7597,629.81805,390.66287,629.656,390.49548,620.97205,392.66275,639.48956,392.7934,612.2796,409.55435,646.9871,411.0988,594.5823,428.79205,653.90546,436.69946,590.17883,430.5965,649.6626,452.2259,617.22687,459.8688,641.7145,460.25983,614.2681,494.53992,653.6464,493.84772,613.5279,523.6506,662.8635,522.4833
152,0,639.87665,398.72098,638.5132,395.1909,639.6977,395.2085,624.6731,395.13147,642.9914,396.20718,617.51526,413.9792,649.675,417.7705,600.0481,429.60968,662.6856,442.52872,596.11945,436.4472,662.09906,459.41803,621.10706,462.78864,646.7642,464.2645,615.0358,495.0276,667.9365,491.7749,604.1742,526.7812,687.01373,522.20154
153,0,650.2111,406.5554,650.3633,402.95016,650.47626,403.06052,638.02844,405.2841,657.04913,405.87262,627.7106,425.52106,665.79865,427.01898,612.6326,447.0526,677.2272,453.06976,615.4862,447.92795,678.5919,463.55673,632.09485,477.55502,660.3522,477.91757,625.58655,489.13544,676.31274,488.38837,616.349,518.1498,681.96497,517.48224
153,1,652.2446,406.4025,651.5303,403.53912,652.2691,403.3757,638.6604,404.96533,656.34436,405.15393,629.1626,423.05893,663.2423,424.51852,613.1235,439.29144,677.33844,448.49033,611.10876,442.29343,682.12726,459.96454,632.2034,473.01447,659.3667,473.28528,621.0735,494.0033,682.69635,489.8947,605.0304,527.42664,693.23944,520.67944
154,0,652.26654,405.72943,652.05994,402.26184,652.2636,402.31024,637.7482,404.67868,656.8306,405.3821,628.7391,425.149,664.6616,427.1614,615.1072,444.02502,677.00665,451.6116,614.9773,444.70224,679.0696,462.15305,633.8187,473.38797,658.97144,473.87216,626.26514,498.9765,668.24286,498.33862,623.60925,520.1393,673.8885,519.48694
155,0,658.5034,412.79218,658.69867,409.16428,658.79895,409.46637,648.83466,409.7329,666.462,410.62448,638.21,427.01764,672.83203,428.9264,628.99207,450.92032,681.9015,453.94418,632.6338,461.64124,682.42896,463.88837,641.74286,474.57867,666.31805,475.66248,637.61945,498.51318,676.8368,499.7304,634.96124,519.35364,680.0381,520.80273
155,1,757.22736,422.1339,756.90485,418.46683,756.20276,418.27505,739.4203,420.93365,753.56494,421.02997,733.7504,441.13766,754.4005,442.4345,731.5869,468.95663,756.4318,471.69153,739.8862,485.13254,757.8561,490.4065,741.72644,490.2917,755.42676,491.31824,754.87683,528.2766,761.4742,527.89624,759.4994,565.7835,761.02527,566.3593
156,0,670.5166,412.49683,670.8046,408.72418,670.2438,409.17154,660.4956,409.8823,678.381,411.19473,648.9894,428.17953,685.6443,430.17392,638.5467,454.23734,691.2763,456.8995,642.2715,471.1672,684.74347,473.04355,650.64703,478.4909,676.9673,479.30573,641.41455,493.5979,682.38226,494.75983,638.674,510.0157,684.1272,511.54468
156,1,747.1854,411.5798,745.87933,407.42065,746.7438,408.37512,726.0388,408.51755,746.1936,411.7493,713.12616,428.6693,744.00226,433.0823,698.47754,452.43585,745.8163,457.06918,698.7605,466.38553,742.71295,468.94983,708.6414,481.22107,728.6397,483.15842,710.1103,509.36658,733.2978,511.3855,709.28687,529.15186,728.07404,532.0687
157,0,741.81824,404.36768,740.9588,400.04807,741.0226,401.11404,721.9839,401.33875,742.6026,405.0117,708.0891,421.1567,741.6364,427.2348,695.364,443.6348,742.9244,454.32413,700.82416,456.1718,741.94196,466.98334,705.0674,473.19113,726.9337,475.93835,705.21564,511.28296,728.83154,514.3544,704.4558,537.65594,722.6028,541.19995
158,0,728.62085,400.9836,728.38086,397.11307,728.1873,397.6038,710.0921,398.02655,730.0101,399.9248,698.64435,417.6092,734.6291,420.80563,686.9933,444.8657,743.0951,452.19366,691.9998,459.15454,746.57806,473.035,699.5433,472.5561,724.3173,473.38034,693.0534,509.80725,724.8791,509.67163,688.05005,540.2243,722.11597,540.7323
159,0,729.1802,400.80444,728.933,396.9923,728.74896,397.44672,710.8019,398.02057,730.35974,399.9082,699.73035,417.32016,734.8649,420.77805,688.1505,443.53824,743.1326,452.34732,693.20154,456.49286,747.19763,473.54724,700.4716,471.37735,724.59863,472.2745,694.55023,508.55005,725.622,508.40045,689.13385,538.6071,722.6021,539.07947
160,0,723.0638,401.3827,723.24005,397.284,722.4759,397.79697,706.89734,398.7419,726.44244,400.3795,696.02155,419.22302,731.5116,421.58502,686.85254,450.49417,740.8082,452.14056,687.06696,477.47632,742.96356,474.96185,699.6228,471.0134,722.83417,472.04898,698.7275,511.53076,723.72363,512.3443,697.79333,532.751,721.30927,533.8378
161,0,718.8814,399.95267,717.6795,395.9184,719.8667,396.3335,705.72864,397.27283,726.3954,398.93668,694.4229,419.3577,733.8313,423.981,683.1483,448.69537,742.51416,458.00058,687.1372,469.5351,746.18915,479.06976,694.6183,476.32303,720.0136,478.4472,696.49677,512.7118,715.128,518.31384,695.07214,552.4974,703.869,556.9031
162,0,715.6679,402.43045,714.63885,398.73154,715.89374,398.9354,702.9327,399.8868,720.55,401.17108,692.65704,418.9147,727.4755,422.8634,678.25757,441.3032,736.20703,452.48282,679.1062,454.0394,741.88666,471.89667,692.4566,470.83347,715.13995,472.17694,689.6213,507.51965,711.2358,510.4944,687.32874,542.8504,704.61816,546.12805
163,0,709.37775,402.956,708.4112,399.49667,709.0571,399.37155,695.5432,401.90045,712.49725,402.80655,687.6602,421.42603,718.59656,425.86902,680.64124,443.9675,727.41534,456.31314,690.3323,448.53152,737.31104,475.31226,686.15643,475.13754,708.8386,476.9501,673.63477,508.2459,710.1795,516.06836,660.17285,540.4184,705.9468,553.5829
164,0,709.9766,402.6693,708.8614,399.26105,709.48016,399.09753,695.62964,401.64368,712.27374,402.513,687.6718,421.2609,718.5887,425.58237,680.36005,443.69986,727.1682,456.21365,690.1587,446.67004,736.6768,475.55692,686.19135,475.11185,708.9392,476.88123,673.69946,507.79736,710.9984,515.6671,659.93396,539.98035,706.653,553.5874
165,0,704.4049,404.10684,703.60156,400.5387,704.438,400.42194,690.9205,403.03247,709.083,403.30368,681.5605,423.64905,715.7646,425.70828,675.82434,449.73972,722.5753,452.1034,685.3666,462.27658,728.85736,471.36978,682.1576,476.22495,707.83813,478.10355,668.9315,507.12952,711.65674,516.42847,655.80707,537.2255,708.6532,551.83844
165,1,778.4097,413.19467,777.59125,409.1934,778.6351,410.0846,759.2143,408.90314,777.43866,412.43625,746.3716,423.79916,770.7307,431.08072,731.36426,437.45822,764.65204,454.77182,735.0347,441.42682,763.2335,469.294,738.50757,469.1942,755.7595,472.40427,742.7472,498.9071,767.33746,501.58942,744.574,525.662,774.16113,529.55994
166,0,700.4833,402.52875,699.8848,399.15106,700.3606,399.02612,688.7035,401.5949,705.3799,401.64185,678.5286,421.1491,712.2346,423.8889,669.7767,444.66403,718.76025,453.2131,684.12115,449.65155,725.2239,469.03656,680.2528,473.21033,705.5155,475.05875,668.974,503.54242,711.32605,511.04755,655.29865,534.2626,708.9728,546.35724
166,1,793.6598,421.47177,793.2194,417.35464,793.3196,417.31573,777.89703,417.17996,785.78937,417.2174,766.5899,435.5469,768.42303,437.70972,767.6479,468.92883,761.9647,473.91675,780.3286,499.04315,779.6889,504.7603,760.5904,499.21606,761.5243,501.64075,772.35187,529.8364,773.4106,532.1254,770.04926,537.0664,769.3006,541.0051
167,0,698.9468,401.81104,697.737,398.53918,698.36053,398.16754,684.11084,400.9964,701.2028,400.89545,674.5654,420.9719,707.27356,422.8318,664.6898,443.97284,714.3402,450.8576,680.4337,453.61725,719.62573,470.8843,674.6086,472.67804,699.16907,473.85562,666.50037,506.05963,707.0419,511.41687,652.6719,536.81836,705.80096,547.50806
167,1,799.76715,435.73407,800.9238,431.83832,799.5627,430.93613,789.71515,428.307,791.8189,426.18027,773.6511,439.92404,778.46533,439.79477,772.83777,474.46512,772.1117,478.42804,788.2786,491.2473,788.3959,501.6665,763.50214,487.58566,766.56354,489.6886,795.18005,509.12585,800.64856,510.65686,804.0051,544.29254,806.6666,547.7898
168,0,697.08057,402.56155,696.1645,399.27216,696.7529,398.92804,682.35187,401.52466,700.13324,401.64075,671.4424,420.3313,705.94714,423.56555,659.556,442.3996,711.2589,452.21683,672.5971,446.81818,716.02875,469.27182,671.28937,472.53397,697.449,474.65707,663.3971,504.60352,709.7451,513.1397,649.7922,537.7849,707.69934,552.8233
168,1,811.54663,439.96313,811.7543,436.77164,810.9267,436.62045,802.1646,435.04807,802.7731,434.65857,792.22974,446.50522,785.08124,447.68472,790.5913,475.66058,780.785,479.93372,798.7094,500.2207,796.3081,507.2647,777.0782,490.9156,771.64154,492.46942,787.2431,521.61615,780.57947,523.8688,785.01855,536.9806,781.0297,540.9541
169,0,695.77563,401.42438,694.2408,398.26834,695.0051,397.91156,678.8403,400.44763,696.00305,400.91675,668.58624,419.47827,702.21533,422.86105,655.69965,440.8819,707.2953,452.0911,666.0053,446.0136,710.5784,470.78012,667.91724,471.1176,693.39484,472.7332,661.38873,506.13788,704.3235,509.8947,648.50977,540.39856,703.49023,548.91797
169,1,816.58185,449.10297,817.3996,445.96252,815.677,445.55197,811.72314,442.39246,808.1906,441.4515,802.7458,450.97885,790.5183,451.68256,797.7863,477.68216,778.9714,482.57635,804.514,501.46332,793.5216,509.93915,789.09344,495.77087,780.3824,497.4057,802.62396,520.9104,792.0121,523.4549,798.68115,533.3149,790.7101,537.40375
170,0,694.6994,402.0047,693.2846,398.58948,693.6485,398.53473,677.23315,400.08453,693.19147,401.29666,664.6417,419.00455,699.06323,423.0693,649.1707,442.54077,703.3919,452.05746,652.91534,462.0449,703.9806,470.92435,663.3483,471.4061,689.1783,473.0492,658.89557,506.39758,701.385,509.89612,647.9882,541.66296,701.39856,547.6235
170,1,828.4967,453.6629,828.53015,450.05588,826.77893,450.17383,823.8997,449.99945,818.3147,449.96667,820.1499,467.12354,797.23425,467.6447,822.8123,492.78003,777.6733,495.85724,826.612,501.83868,803.3689,509.799,810.4624,522.8062,794.5133,524.4726,819.0383,545.37213,797.4782,547.78894,814.83124,559.39264,789.34503,563.4165
171,0,689.8348,402.40305,689.0536,399.08716,689.16113,399.10547,675.24976,400.2751,691.63983,401.50684,662.61505,418.5391,698.7182,423.06036,646.7629,440.26392,703.26184,452.70282,656.58954,454.7299,703.94006,471.14835,661.79553,473.72296,688.9009,475.4718,657.55444,505.32544,703.6532,508.95398,647.7772,541.8346,702.0085,545.4355
172,0,695.3445,401.6687,693.2872,398.6701,693.6559,398.3542,675.4441,400.24734,690.90155,401.05353,661.6979,417.8614,698.9199,422.57224,647.1454,438.88904,702.2593,452.4782,659.29254,455.03198,704.80615,473.88568,662.42566,475.92233,690.6278,477.878,657.6815,505.97186,705.847,508.59412,646.8888,541.3677,701.8838,546.47784
173,0,695.4771,400.8707,693.2917,397.70294,693.8631,397.64606,675.2297,398.66403,690.5054,400.0637,661.3146,416.27383,697.7595,421.07898,644.0311,439.2914,702.66583,450.8798,651.9989,458.0111,704.98785,470.81158,662.5409,473.5168,689.64136,475.63416,659.1007,506.12012,705.0938,508.0412,646.69604,542.02185,700.603,546.12244
174,0,694.65137,399.73706,692.3757,396.66876,693.0185,396.628,674.45593,398.16086,690.0512,399.58704,661.20166,415.91577,698.04175,420.9309,643.8699,438.49945,701.69293,451.1456,651.2964,457.3504,703.069,474.04517,663.0351,471.88422,690.5418,474.02634,658.39233,505.66608,704.6585,507.48224,646.8614,541.7112,700.8387,545.93506
174,1,854.2169,472.80078,854.40924,468.83786,853.2668,468.33307,838.11536,467.9646,843.13135,467.0756,827.2756,481.48978,831.7966,482.1652,822.0182,500.8828,822.0085,502.83148,819.2007,506.14972,824.0634,510.04657,819.3003,522.0539,825.1299,522.9655,820.684,558.99646,839.9813,559.3492,822.7398,588.06384,854.0425,590.3391
175,0,696.1163,398.42435,693.75964,395.3183,694.20935,395.27728,675.27057,396.8263,689.61163,398.22617,660.84863,414.48312,697.3232,419.39655,644.34265,438.48767,701.68756,450.3113,648.08875,464.56726,704.217,473.83142,662.3958,471.9094,689.54535,473.89777,658.92126,507.307,704.82434,508.0771,646.8905,542.15356,700.3988,545.7313
175,1,860.0965,475.63815,860.609,471.4942,858.05743,470.9895,849.76373,469.2158,846.03156,469.22327,840.1916,485.4185,825.7488,485.78482,841.31396,515.68933,819.73505,514.88403,856.3177,535.05145,841.94257,525.48694,831.4612,531.6327,820.8423,535.4547,870.269,552.24036,851.2325,561.7334,876.264,595.1608,857.293,593.9241
176,0,697.38727,397.4194,695.0798,394.4718,694.687,394.299,676.34924,396.12125,688.25476,397.41168,660.5585,412.65268,697.53894,418.44504,644.88385,431.619,700.8822,449.62656,657.2456,441.88712,703.90686,475.82397,661.83496,472.45392,689.83466,474.62573,656.5064,504.1548,704.0523,505.45618,647.9452,540.66327,701.2109,545.13025
176,1,862.6205,470.7788,862.8073,466.36163,861.4312,466.15717,849.03284,463.20978,850.5902,464.50815,835.98456,477.61096,832.5169,481.72614,844.3444,509.72095,841.4995,517.0438,854.81055,535.33655,851.2627,543.7715,823.4152,521.9996,819.4458,526.84406,864.1476,546.8223,849.2163,556.6142,872.31,590.41077,849.6811,585.6347
177,0,697.3281,397.0875,695.11707,394.23096,694.58154,394.02505,676.5125,396.05807,687.92114,397.24225,660.3087,412.3083,697.3193,418.18042,643.8626,431.19458,700.32336,451.91977,652.71155,433.2701,704.7938,481.38013,661.4037,470.22964,689.8099,472.336,654.4458,502.701,705.3068,503.33276,645.16394,540.0294,703.02454,543.34595
177,1,866.2003,465.5545,866.4043,460.2352,864.7402,460.781,851.5444,457.18268,853.9639,460.60776,837.28723,474.6497,838.7472,479.7746,847.1119,505.66034,851.27216,514.4086,858.71967,532.96204,862.59106,537.9042,811.867,513.4833,811.25055,516.0462,840.1751,551.73315,830.9047,552.93494,850.12384,590.8969,821.0894,576.44836
178,0,696.9375,397.35495,694.8671,394.5478,694.203,394.29138,676.3206,396.22525,687.8091,397.30106,660.25543,412.0546,697.37744,417.9216,643.6907,429.89,700.26056,451.55002,654.8306,431.26456,705.26575,482.29498,660.9769,468.40753,690.27484,470.34146,652.34143,503.10504,708.6831,502.5959,640.4388,541.3238,707.4456,543.2234
178,1,864.3118,460.42432,864.2127,454.3863,863.7807,456.06183,842.80945,447.75992,856.18634,455.74033,828.2208,460.13214,842.5829,475.85822,840.08746,495.08337,851.6951,512.9278,854.1483,530.7495,860.5435,542.2649,797.33887,504.93915,808.7597,514.3766,826.1573,525.519,835.7676,547.08374,821.9911,547.0095,833.0509,570.5255
179,0,694.04315,398.9855,691.9468,395.9486,692.0007,395.60458,672.81525,397.3472,687.46826,398.35062,658.1731,414.62326,695.8151,420.74512,641.2344,430.48447,701.7927,452.9822,653.48376,430.75613,706.54865,479.83777,658.56195,473.3639,688.2044,475.50183,649.73566,505.35303,707.93176,508.81415,636.39154,538.4274,712.45013,546.83057
179,1,859.4243,456.84247,859.9175,450.6895,858.70306,452.73734,839.03534,442.09915,852.0583,450.9325,820.00586,450.0132,840.5068,470.67267,824.20636,481.23376,847.49054,509.57013,838.11725,518.71326,854.1572,545.434,793.697,498.33954,809.0583,510.8448,824.13525,518.32294,837.7743,545.8787,824.52795,553.1214,833.3837,581.6493
180,0,690.5807,401.64474,689.55304,398.6084,688.8249,398.3795,672.6743,400.13614,687.1468,401.31042,660.9112,417.99875,693.7932,422.4332,638.8733,434.4639,702.4124,450.77618,647.69946,430.9955,700.1108,471.65057,660.13617,472.6205,687.1088,473.99136,647.1141,505.09106,706.58936,507.62286,632.70154,538.6924,720.76526,543.13745
180,1,856.67725,452.29242,855.4799,447.38702,855.7898,447.74274,832.99524,443.9126,847.582,448.7411,814.17645,454.6328,838.90985,470.6246,800.33105,467.4226,848.6543,506.23303,806.68225,472.5274,859.4048,537.79315,798.0564,502.3794,814.73785,511.2033,817.4502,531.2824,833.79016,544.0201,816.57587,572.1261,835.146,585.2667
180,2,690.0944,401.57538,689.45917,398.2398,689.0896,398.20316,671.593,399.72787,688.51794,401.06216,658.6378,418.2981,695.7376,423.24802,640.5337,433.7186,701.15936,452.1315,648.4567,434.72507,697.5647,469.53146,660.15857,473.8316,685.5617,475.30914,651.98785,513.86523,688.287,514.64984,650.15,546.83307,684.8012,548.3247
181,0,855.12695,445.6124,854.3008,440.47388,854.2223,441.58337,834.11786,437.8795,847.30505,444.19965,815.00287,449.7406,839.0588,471.76053,791.3319,455.5171,849.01483,510.6565,776.34973,462.10306,860.1765,539.8021,795.34125,501.3459,809.81573,512.37775,823.26904,528.6615,835.36475,545.44464,817.6612,572.17316,830.1464,587.99567
181,1,692.39954,408.4911,691.1767,405.5312,690.7501,405.35895,673.63617,406.00702,687.1958,407.22687,660.74396,422.59302,693.9267,427.12982,641.1183,440.39978,701.83887,454.26764,643.4934,442.2888,707.30927,476.28662,660.4469,477.3371,688.12305,478.9461,645.41705,505.41962,710.675,508.60516,628.20435,537.397,720.05774,542.4668
181,2,691.8467,409.15405,690.95337,405.58472,691.12384,405.75662,671.123,406.3348,688.42664,407.6982,658.9919,424.59802,692.9446,428.30316,641.125,442.8148,700.158,455.37656,644.97076,449.56262,702.68243,476.41803,660.3698,479.36838,685.60986,480.57266,653.5439,509.43134,699.3105,509.1234,648.01526,534.4354,706.1217,535.31165
182,0,850.9187,444.2783,849.8319,439.25818,850.25726,440.37668,830.56104,437.4105,845.4555,443.59552,812.9044,451.29462,837.2519,471.39316,788.2736,453.77286,851.10583,508.40198,767.2736,464.01294,864.19946,536.9212,791.08777,502.4756,805.3541,511.86835,817.05365,525.8056,829.2079,540.1165,811.4313,565.8688,825.8311,576.2505
182,1,686.2749,416.10333,686.12256,413.06284,685.8198,413.06824,672.0156,413.397,687.9893,414.22415,657.90515,430.06677,694.2957,433.79532,641.16296,455.91373,702.4785,462.34158,643.3662,477.00845,702.2244,478.78217,655.9887,484.3172,686.2441,486.79752,641.3382,508.42773,709.86017,514.3082,627.1795,541.1632,720.12854,545.3158
183,0,844.2512,442.9628,842.89417,438.14426,843.8361,439.03683,823.4336,436.74673,839.55475,442.061,807.6177,450.10168,834.0374,471.27396,784.3072,455.62088,851.71454,506.74664,762.58075,464.0043,868.3002,532.92615,793.8646,504.81915,809.4476,516.3,819.3307,525.7693,837.367,547.6911,808.38947,567.4845,831.62775,593.3965
183,1,687.8386,421.844,687.0401,419.0324,687.2226,418.68063,671.2551,420.1676,687.6555,420.641,658.56305,437.47656,694.8946,441.4527,640.7682,457.87234,702.0962,469.40112,640.6549,461.1867,709.33344,488.18683,658.2432,491.3877,688.08136,493.19244,642.6082,507.4969,711.8683,512.8955,626.7209,538.79663,718.8631,545.97705
184,0,836.5883,441.2278,835.2052,436.87344,836.3765,437.68796,818.0735,437.02084,835.4201,441.54312,802.369,452.2224,833.3999,470.9188,776.7915,457.5939,851.4227,504.51062,755.6362,465.90668,866.50336,529.00085,791.9559,506.08252,809.856,516.37177,817.5418,527.0716,835.92694,547.89996,811.66046,570.57166,830.52026,593.9849
184,1,684.90265,428.89355,684.0566,425.8389,684.0341,425.778,668.9173,426.39224,684.2113,427.12106,653.4088,443.87592,690.6132,448.4303,633.707,465.99335,701.3379,475.7172,641.29846,482.72064,703.94995,493.55853,651.82306,497.32983,680.1862,500.49353,642.17523,521.3898,698.6924,529.9563,633.7224,554.0345,702.32385,562.8936
184,2,685.37256,429.4063,684.81116,425.46384,684.5539,426.01312,667.12775,425.54306,684.6602,427.66827,652.3664,443.69537,690.05383,447.89462,635.94165,466.44,699.14734,475.46027,641.8836,481.94794,700.11426,495.02264,653.7937,500.34595,681.1426,502.00726,642.0613,526.3312,689.21643,527.551,636.91296,551.70264,691.3648,553.7122
185,0,833.19763,440.44522,831.792,436.4318,832.49945,436.9019,815.42285,436.92462,830.1305,440.41116,798.9765,451.2576,830.7282,467.03024,774.5436,454.46564,847.352,498.0418,754.57825,463.62088,857.5257,526.8071,788.6938,504.69434,806.7985,512.78253,814.21387,531.60095,830.3686,546.3391,810.4171,574.6278,823.83234,593.4769
185,1,676.33594,431.22012,675.67444,428.6269,675.4211,428.3684,660.8331,429.0869,676.22656,429.59644,647.65576,444.9692,683.631,448.01624,628.2164,467.64294,694.70337,475.0293,640.1022,475.9691,696.63965,489.6325,647.9246,495.95056,677.138,497.99658,636.3516,516.37915,701.44727,521.0586,628.50397,547.7139,713.07965,551.2107
185,2,675.83356,431.56662,675.6115,427.84787,675.2971,428.1629,658.4626,428.11346,676.92444,429.5267,645.2135,445.56464,682.6217,448.53955,630.66486,468.05627,691.73883,475.67392,638.7205,477.80856,693.0944,492.6413,648.72797,498.78906,677.0246,500.0589,639.82434,521.0127,689.9369,521.3117,635.0255,551.2408,697.5475,551.9023
186,0,830.63477,435.47235,828.7904,431.45612,829.73737,431.72763,810.71576,431.48907,827.4577,434.76718,794.6585,447.18225,827.8463,458.69278,771.3132,455.23523,841.0097,492.26813,761.5811,461.81055,848.82886,521.12085,783.9761,502.8542,803.38947,508.11218,808.9265,534.72174,822.3118,543.34296,810.2063,576.83435,816.6728,586.2734
186,1,662.7797,429.10428,662.4949,426.16272,663.6692,426.04425,651.00995,427.58118,669.6537,427.8457,639.68787,445.618,677.303,447.17838,623.8663,468.34314,683.5466,474.0274,626.09357,475.34863,680.373,485.59027,644.7758,498.6786,671.2706,499.13312,632.44324,509.91882,672.8825,510.11078,630.95306,544.9453,678.426,545.3768
187,0,824.1778,429.21988,822.66547,424.84598,823.4265,424.9177,803.4957,425.7959,820.68396,428.64157,788.17224,443.8586,820.6534,454.84225,766.004,461.65137,837.32355,484.17514,750.4942,486.522,839.80975,492.04797,780.2044,501.7215,799.44543,507.4627,795.8155,537.26886,813.2976,551.14294,801.4449,575.92804,817.92993,594.37976
187,1,650.63324,426.67712,651.3106,423.2356,650.97095,423.2704,641.27045,424.53165,658.7752,424.70963,632.0161,443.4677,666.5181,444.32242,618.3608,468.8533,674.3007,471.27795,619.04376,479.0927,671.2363,485.18127,640.7267,497.81012,664.892,498.27118,636.9341,535.93567,671.8718,535.82855,637.55133,565.1169,674.7502,564.9971
188,0,814.134,429.15237,812.67,425.34113,813.92865,425.37756,795.2026,426.4472,814.87115,428.83173,780.4872,444.88232,819.9408,453.93466,758.36456,465.25095,827.78174,487.21182,747.89264,494.0876,835.4987,513.02405,773.7148,504.74097,800.13635,508.59912,776.5742,538.8652,811.7092,547.8067,776.94763,579.52704,814.0553,592.06445
188,1,633.26526,425.85468,635.0111,422.67548,635.12823,422.70978,632.993,423.17932,647.5599,422.72574,627.4535,439.34833,655.4715,440.11206,614.2114,465.22403,662.25977,468.33234,602.2323,471.5961,658.5924,483.6908,636.9159,486.01907,660.9385,486.81744,623.8594,508.65753,681.5746,512.1465,623.70154,542.41174,706.8803,537.47485
189,0,789.5576,426.23203,790.60846,422.081,792.1836,423.07385,787.62695,424.32422,806.509,425.92764,775.69165,445.0668,815.3501,451.71368,756.8446,470.08737,824.2868,486.03534,747.1278,496.31915,828.8076,509.86316,772.48065,504.2494,799.68164,506.75714,768.41327,539.07214,808.5967,545.1551,764.26086,585.23505,810.37787,592.1842
189,1,626.38306,423.54053,627.7067,420.47696,627.27075,420.13367,623.6892,421.47745,637.0968,420.43808,619.9352,438.5693,646.2848,437.38852,614.76733,465.59735,653.6682,462.6816,608.88574,470.0053,653.00757,477.72986,633.0699,482.589,656.10144,482.94955,618.12683,507.87646,675.6791,512.3784,619.1887,543.50214,697.72473,542.68475
190,0,786.4546,429.80664,787.0377,425.64764,788.48267,426.28275,779.38434,428.2389,800.23,429.52988,768.54376,448.89563,808.18866,454.31134,754.75006,474.51904,816.2364,487.8257,748.2344,501.1333,822.7157,510.9632,768.0605,504.24634,796.82666,506.12164,760.5774,546.17377,806.39246,548.74194,749.9966,588.9326,804.0258,592.4932
190,1,609.38354,423.43253,609.92596,419.60092,610.2791,418.81586,608.436,420.47073,625.08624,417.48456,614.76764,440.73923,635.3475,436.54645,618.27356,469.42105,637.31036,464.06888,606.5061,479.28235,619.149,477.57123,634.2806,490.35657,654.2508,488.20428,616.5221,523.0098,666.0169,520.9091,612.87787,552.487,691.49445,549.656
191,0,774.36597,436.6411,775.4784,432.55093,776.1618,432.7894,771.319,434.54446,790.3434,434.27457,762.8622,452.55377,801.2741,456.61444,749.9496,475.05603,809.31726,487.9028,752.94354,485.62805,812.43713,509.06573,764.26685,505.50403,793.30756,507.12622,753.50574,543.974,805.7282,549.7562,737.2272,582.3181,804.9018,596.0697
191,1,596.53094,434.25336,597.167,430.96875,597.0747,430.03424,600.82184,429.71545,611.65814,426.49896,613.74493,441.63208,622.5666,440.26053,617.38995,466.43787,620.99054,466.9026,598.96625,474.42062,600.94183,475.4408,635.214,486.10947,649.06793,485.90094,607.0868,511.0097,659.01526,516.8491,594.68024,544.9619,687.4004,546.2624
192,0,773.8681,437.8037,773.80817,433.983,774.43555,433.60373,763.2512,436.64728,783.06586,435.81015,756.25665,458.48148,795.01324,459.12848,747.82684,488.64392,805.63525,488.9209,738.7439,508.2174,804.6481,504.4298,757.5128,511.22113,788.1028,511.1411,741.0652,549.084,802.48035,552.2541,721.8966,589.0514,802.26196,598.4028
192,1,586.1081,435.57236,587.43256,431.67535,587.22345,430.83636,591.4912,430.83643,603.16455,427.51318,604.54193,445.57794,616.3159,444.52524,614.2416,473.86255,616.4871,472.52295,595.703,484.8291,596.33215,483.41238,630.3165,491.33746,646.4884,491.50623,600.9107,517.7832,657.4724,522.73035,595.1462,549.9255,686.8535,553.6521
193,0,755.91254,444.4777,757.1363,440.71436,756.8781,440.69083,752.8784,442.0046,769.2953,441.06094,749.4309,460.56293,783.49133,459.7563,743.13184,486.85626,798.083,481.10294,742.23236,492.43,783.45703,482.7289,753.4241,511.02527,781.371,510.805,735.2927,549.0606,796.2406,551.0782,718.6862,589.32196,802.34204,597.18774
193,1,580.0694,448.48828,581.3969,444.3302,578.819,445.54382,587.8513,441.63623,581.07916,444.89044,607.3675,451.98102,587.03235,457.445,618.85065,470.68564,584.42456,482.33215,605.3397,487.72772,579.65857,492.88562,627.9994,493.46082,608.47,494.0589,652.1797,526.3097,588.3204,514.1925,683.9866,560.0077,580.1892,552.8708
193,2,755.0946,444.44934,755.0665,440.83447,756.31006,440.61786,752.96796,441.57968,771.5858,440.28027,748.5698,459.97565,786.076,458.12338,740.99927,486.62253,798.1256,483.89984,740.9204,495.09894,784.79034,490.18585,754.45654,510.61603,783.30743,509.3523,738.2779,546.85345,789.7922,546.26196,727.5671,579.5264,794.1027,578.32196
194,0,741.7703,441.08475,742.99133,437.66663,743.5124,437.4785,740.2001,439.80914,758.37946,438.2068,737.1375,459.8297,773.8711,457.8646,730.5716,491.13892,789.2629,485.53973,723.0368,512.941,792.0824,514.8161,746.0604,512.84796,776.0975,512.1725,726.65424,549.34357,793.5167,551.18066,714.76166,593.60406,802.9427,599.87354
194,1,567.7001,458.3065,568.6018,454.9066,567.59735,453.53574,574.6168,451.49588,583.90533,446.61188,584.65424,463.40076,598.3402,456.24155,577.8949,495.43445,589.5615,483.78638,560.3646,504.5036,565.0995,501.05115,613.40906,496.98938,631.19855,494.7749,585.8616,516.9189,641.1934,521.57715,572.5239,558.1411,667.37335,549.78613
194,2,739.92377,441.66217,740.9371,437.71655,741.26935,437.25867,739.8252,439.45135,758.2688,437.6463,736.7546,461.15668,774.1851,458.31787,728.57196,493.1363,791.63245,489.9273,722.3623,516.7955,788.73486,516.82935,746.82007,513.8288,775.74695,512.12604,729.58093,548.6831,786.74,546.439,718.2429,589.0221,796.26935,585.7356
194,3,568.64777,456.9364,569.47064,452.66608,567.127,453.18216,575.17957,449.78094,577.6273,450.48145,585.76685,460.87854,593.2,460.19754,578.28815,490.51074,584.1301,488.47058,561.2576,503.47986,563.11975,501.3553,611.55695,497.3349,617.74384,496.18933,584.89667,519.5033,602.94196,517.90753,573.8777,558.6347,599.10364,555.4173
195,0,727.8494,438.21005,729.68805,433.9999,729.59375,433.7359,730.7221,435.4598,747.26196,433.1027,729.9798,456.21365,762.68726,452.61758,726.7482,485.68228,777.3686,477.97922,722.0732,504.979,768.2557,498.8927,737.9041,507.48987,765.3157,505.6584,722.72034,549.78516,780.2698,549.5741,713.1914,596.895,795.10345,597.769
196,0,719.24915,437.33786,720.6246,433.38367,720.6145,432.86188,725.1903,433.64496,739.752,430.91275,728.34375,452.40225,755.0332,448.84308,722.21375,476.13635,768.7921,477.5884,717.74713,471.2245,771.9896,504.77106,733.6157,505.27856,756.91284,503.22894,715.6158,544.57294,772.5674,546.89435,704.46497,592.1403,791.37256,591.858
196,1,555.0129,467.08795,555.84033,462.8139,553.92017,463.35867,562.2038,460.29208,567.68066,460.7503,573.5171,471.60947,588.7327,471.00784,568.85364,500.12323,583.23364,498.7567,554.1348,509.271,558.5808,506.0417,612.1705,513.9391,623.1019,512.6053,566.676,521.636,591.6258,519.97314,565.27496,563.9123,597.1111,559.84686
197,0,709.18726,427.0139,710.6077,423.02704,711.0082,422.88815,714.4384,424.02527,730.00867,422.06787,716.58264,444.8272,745.76215,441.28217,717.246,477.17474,759.7021,472.34323,715.31036,495.8139,761.9717,502.0645,726.2305,501.54956,750.4012,499.61487,708.6528,540.5807,762.145,541.39856,708.18677,591.6682,781.1609,589.0299
197,1,551.4601,472.18304,551.81934,468.35654,551.6142,469.12668,559.3849,464.86816,561.38434,465.8633,579.5495,474.12558,574.9806,474.64056,597.5565,493.05603,570.406,494.69873,591.2467,507.39246,554.7117,506.5312,605.47253,513.84314,603.25,512.0402,562.3693,522.6786,563.9222,520.2865,565.20746,564.2079,570.56995,560.4225
198,0,702.7233,424.72095,703.96967,420.5722,703.9793,420.09213,708.0881,419.4196,722.19073,416.28973,712.0558,438.83813,738.1167,433.4086,707.58496,473.03232,747.0676,462.97137,701.7737,499.89502,737.9376,488.37848,722.51746,495.31293,744.3106,492.62842,711.6602,538.96594,753.092,536.4874,713.48615,588.1554,770.00183,583.023
198,1,549.3764,473.3604,549.42065,468.8733,548.1495,470.1407,555.6419,465.81055,556.7561,468.37384,577.3905,476.3319,572.0114,479.03522,588.5767,502.15973,561.2457,505.4544,560.2631,517.5808,536.36945,519.31226,611.79987,514.3497,606.70105,513.8043,574.8684,522.5508,564.1649,521.64795,585.8314,563.91144,568.3973,560.72003
199,0,695.02454,420.22314,695.7993,416.39606,696.37177,415.94864,697.4479,416.09543,713.57153,413.19452,698.77625,433.68536,729.86316,429.1703,698.7062,461.47253,745.30884,457.59915,696.9525,474.5568,740.9216,480.64844,714.2211,487.31293,737.2949,485.12256,711.4885,530.9233,745.80444,527.1118,714.0845,575.7448,752.8007,573.46173
199,1,548.4866,473.43677,549.20123,469.40137,548.62994,470.2607,557.1186,466.8623,560.85614,468.26596,570.31476,477.4635,580.65436,477.77917,566.10095,501.55225,580.43475,499.64612,547.0651,519.5027,554.9135,515.0061,608.6158,514.95874,614.6584,513.5756,563.31464,529.24817,582.5455,527.2239,567.71173,567.419,591.92017,563.36444
200,0,692.8163,413.99005,692.59216,410.271,693.59,409.52158,689.9591,410.6476,707.5674,407.5703,689.21277,429.50815,723.6242,424.02798,685.0957,458.77136,738.20734,452.6371,683.24286,470.5685,740.4672,478.4237,703.0526,482.4457,727.29736,479.52682,699.1486,527.5738,730.9875,523.45294,700.3556,573.41187,733.72675,573.7497
201,0,546.6011,467.61954,547.27094,464.63586,546.76746,462.53845,553.75104,462.72833,563.11865,456.51044,566.792,474.56967,572.0991,467.74283,565.98926,500.80713,575.4362,493.51526,546.54767,507.29224,555.9906,506.4077,599.3372,505.89606,609.32465,504.52185,566.0391,525.50555,604.1118,536.72974,565.3512,564.92126,642.42163,550.0788
201,1,684.31244,414.14075,684.5354,409.83405,685.9069,409.85858,687.2583,407.71863,703.3927,406.04364,688.68835,424.6154,718.09607,420.9271,682.92035,451.08356,733.3721,447.06598,680.51373,461.87997,735.672,469.55832,701.5807,475.99808,720.8153,473.88068,700.20544,522.4955,719.7524,520.5794,706.59515,568.6955,723.27985,567.1558
202,0,547.21027,458.67,547.3432,454.75317,548.87823,453.46613,555.6937,453.58377,570.0805,448.7791,571.4438,468.1399,579.0465,465.61856,570.43066,494.7152,573.7367,496.79047,550.4387,507.52136,553.35187,507.59692,605.52606,507.6302,617.17426,507.06006,566.8815,524.8441,605.3005,533.68646,565.0204,565.42377,643.5209,551.7695
202,1,675.13007,409.08127,675.0001,405.11517,676.3551,405.08105,676.0756,405.92188,693.95734,404.003,677.24054,426.9872,710.4139,420.41205,671.5992,452.82962,729.23566,445.2924,666.76135,458.50104,732.75714,468.78317,695.84894,475.95917,716.9746,471.89633,696.15295,521.8949,715.19055,512.4573,704.0134,566.50195,716.92145,553.43884
203,0,548.925,455.45917,549.91766,451.65918,550.8237,450.01965,560.14734,450.3187,572.5456,444.43152,570.4322,465.82776,583.74304,460.61026,562.8091,495.43793,578.69403,491.90436,547.10895,507.1001,558.6043,506.81543,602.43616,508.6537,617.7251,507.1986,563.26953,521.6049,605.6966,531.6289,564.62103,566.2063,644.0749,551.5623
204,0,668.0885,406.8669,668.2478,403.09143,669.7568,402.73508,667.4309,405.69046,685.0451,403.4423,666.5797,427.3996,699.56274,422.62302,656.99304,452.48227,717.22815,446.65952,647.96765,460.8551,725.66425,468.92548,683.1033,479.82764,702.8704,477.4551,687.4203,521.99567,700.47034,517.2771,698.2159,564.067,702.21576,561.31714
204,1,573.82214,422.4704,572.45807,419.71277,573.4237,418.71298,562.2586,423.0231,575.4887,420.73483,561.8017,443.6574,580.2873,438.56332,550.19025,466.87177,600.62427,460.6673,545.03613,484.37726,619.50696,477.95193,579.7927,482.53394,593.0728,480.21796,581.9818,517.1212,614.8188,506.97784,570.78046,555.5028,622.728,545.49445
205,0,666.36115,408.24097,665.7281,404.813,667.538,403.99335,661.51276,407.38208,678.65076,404.49902,660.6244,429.85843,692.23804,423.75525,649.60834,452.19482,710.3149,444.07294,642.0302,451.037,710.95905,461.02176,677.7857,482.26544,696.4643,479.1674,681.31384,524.21906,692.77673,517.9609,694.58875,565.89886,699.97394,562.6334
205,1,566.27075,438.34985,567.66046,434.4793,568.10846,433.485,572.5804,434.72766,585.6824,430.4997,578.91296,452.82132,596.5028,447.3274,569.5803,479.6086,603.64264,471.31894,558.928,499.79675,599.7342,485.83148,597.32794,496.93317,614.3016,494.30182,574.97864,521.539,620.8253,520.27856,562.3146,561.18567,642.8169,555.17786
206,0,657.8751,411.6825,658.1265,408.59204,659.327,407.78186,657.0168,411.21838,673.23364,408.146,656.9794,431.9586,686.7245,424.61713,638.49286,450.97675,707.19086,446.39563,629.4333,449.76144,712.0172,474.371,673.7742,482.63525,689.2509,478.2151,674.1272,524.8616,679.9913,513.81903,699.2668,563.8471,693.608,557.7335
206,1,580.4097,426.25116,582.3596,423.1283,580.5047,422.33023,585.7274,426.10785,590.4583,423.78995,591.71643,446.3521,600.1516,442.53748,594.6798,472.9869,600.7705,464.92273,592.7875,498.83264,595.2532,490.9048,604.38666,490.40564,615.1993,488.4265,588.3291,525.63763,627.0159,523.4034,580.42316,562.21533,645.70044,557.7824
207,0,652.5307,413.48047,653.226,410.5416,654.838,409.91193,651.5705,413.40085,667.6383,411.14008,648.58246,434.529,678.6972,431.08508,635.87646,450.92743,696.05255,448.44327,630.7537,458.82016,705.3078,465.3783,661.1515,476.332,677.52423,474.56888,663.5395,510.45935,674.2408,507.63232,670.9409,536.498,670.54785,533.1539
207,1,579.3236,413.89258,580.983,410.1503,581.47095,409.58618,584.5998,415.15005,597.15497,411.56082,592.925,442.60895,604.33307,431.11664,601.7007,472.29315,600.828,425.47443,593.4004,500.01477,585.549,402.96707,606.56604,487.3584,620.6024,483.43484,590.644,521.35394,629.9687,520.60425,577.3131,559.3749,652.26184,555.04364
208,0,580.63165,419.34363,582.67334,415.75537,582.43994,414.35995,588.67535,418.09003,599.17224,413.75925,598.7552,438.22107,608.3712,432.70737,598.3182,466.52597,609.8548,456.70145,589.0254,481.54758,595.9041,475.53888,611.06696,485.944,622.0347,483.3737,592.60126,523.105,626.61896,525.22516,586.92365,559.4657,647.8881,558.7134
208,1,643.31354,416.84473,644.37067,413.54184,645.7017,412.90167,644.51544,415.8385,659.7846,413.3141,645.7435,434.6113,670.9416,430.44333,637.58154,458.43793,691.7907,451.28232,633.5493,469.56042,693.73645,471.68665,660.0613,483.32446,673.10767,481.87445,664.25146,524.46936,665.12933,523.8454,686.2427,556.74023,666.4918,559.869
209,0,592.04004,413.39005,593.8197,410.633,593.1108,409.27893,593.6885,414.17752,603.37317,409.97183,597.33057,436.368,609.9528,425.83008,597.7357,462.31732,610.86237,427.64877,592.2631,481.0186,600.648,422.2215,612.1409,481.32492,624.2105,477.56897,595.76227,517.3476,629.9075,516.4701,595.7574,554.3077,646.97974,547.4995
209,1,639.03076,419.66998,639.3183,416.71002,640.6585,415.21533,638.34045,420.3708,654.5412,415.7885,639.8769,441.9906,665.921,434.88025,636.5738,461.27032,689.1619,457.37582,640.8312,480.00342,693.9812,488.97308,656.7725,484.95084,670.30444,480.87292,656.802,522.7197,661.8572,512.71893,686.33484,537.77826,675.63153,530.01624
210,0,592.96,406.17703,594.6164,404.0918,595.0973,402.86185,595.01324,410.6805,608.9301,405.9002,598.9823,436.81705,613.48145,421.62195,595.9179,460.91705,614.23553,407.84848,586.564,467.72607,604.5091,386.74124,617.1437,481.7347,630.50806,476.965,599.49243,518.1261,634.32916,519.67413,605.9395,555.0403,662.8995,547.1036
211,0,592.83,402.19525,593.96375,398.49213,594.76,398.38464,594.9835,402.3181,608.33014,399.87637,598.4133,428.11823,618.1752,416.13947,598.2287,457.34363,622.836,405.92947,591.3924,462.65326,610.78644,379.5267,618.158,477.225,631.4455,473.75974,609.18506,514.615,625.4018,513.9916,621.7255,551.7553,637.0416,549.50366
212,0,590.4493,400.36,592.87164,396.5695,593.7941,396.3561,598.69556,399.9693,610.82983,397.2823,600.5963,422.65414,621.1975,415.40738,598.7704,453.7868,622.81775,423.81595,589.3907,465.13315,605.3337,401.31335,620.0313,476.82617,634.1746,474.43378,611.27893,517.2992,629.67755,517.9912,629.83307,554.12915,644.42487,549.36414
213,0,592.5666,400.33914,594.9181,396.7045,595.7437,396.51514,600.2153,400.57587,611.34033,397.90457,600.79755,425.2322,621.9477,415.104,598.50604,454.25415,627.2927,410.624,591.89825,471.03613,615.26404,383.69907,619.32025,476.89554,632.6353,474.032,618.0623,516.20593,629.8111,517.5498,638.8327,555.519,644.8321,552.30414
214,0,593.1623,404.4249,594.53754,401.94293,596.0454,401.55237,597.90234,406.39612,611.0863,403.48532,600.8355,429.7677,622.6023,416.20425,597.98193,453.70752,635.02966,397.28107,589.778,474.5098,633.00055,379.3427,614.6487,474.7663,628.5031,470.76904,608.13837,511.4416,628.1957,515.09674,623.79553,545.92755,642.53687,548.5338
215,0,595.4461,402.99615,596.8996,400.90836,598.79785,400.17273,600.4175,406.33276,614.6795,402.63568,602.2622,432.38904,627.37573,416.67426,597.1428,461.06888,642.0421,397.03455,587.49,481.7619,640.217,375.7565,613.3102,482.51892,629.27014,477.75293,596.6999,503.71008,624.3192,515.6833,614.05164,534.3273,640.3921,545.58594
216,0,593.8925,406.97174,595.3979,403.94183,596.4209,403.63593,601.21136,408.7711,615.0119,404.71255,600.88245,432.4963,625.3998,419.8675,596.2304,455.3456,645.2018,412.0088,590.9005,467.40674,646.48114,390.63742,615.9067,489.3158,630.43146,484.70227,609.81476,525.3889,630.06323,521.51154,614.0938,543.35736,632.7011,540.0063
217,0,595.1672,406.1257,597.20917,403.73032,599.09863,403.43195,601.1785,409.376,617.5146,406.24344,599.4229,432.06326,630.6195,424.2287,596.1162,463.97397,650.7988,415.0263,591.0337,487.01932,651.9713,392.01276,607.60187,479.77972,630.8553,480.42267,587.1075,494.9981,640.28204,523.32104,573.3936,519.9824,641.43036,558.80615
218,0,596.5173,405.72662,598.00134,402.51367,599.37714,401.89575,599.2165,407.71616,616.50183,403.9507,601.0804,428.42508,627.027,422.5258,592.42554,457.2387,648.78345,415.01013,588.76184,476.179,656.9807,402.86227,609.62714,471.32568,628.49274,473.0073,592.8275,492.87158,635.4945,516.5813,567.1943,509.09485,638.834,558.4185
219,0,594.33765,404.6768,596.43695,401.40027,598.06854,401.4093,601.36975,405.31332,615.8765,403.10873,599.5888,427.82547,628.70715,420.65665,592.81915,456.43353,649.86707,424.3694,585.74896,478.69467,655.01276,414.38986,615.1027,477.96802,633.4941,476.0039,612.8482,515.76166,635.5137,516.65814,618.74365,552.0661,642.3358,553.0657
220,0,595.931,404.498,597.2149,401.29987,598.4704,401.0003,600.72284,403.42557,614.4785,400.8648,600.31805,425.29492,627.5709,417.65372,595.48895,450.5293,648.1614,425.33405,592.2817,471.7214,650.85614,422.0701,613.0898,475.3946,631.2061,472.37564,607.9039,514.40094,634.6706,516.72504,611.00806,556.5093,639.9492,553.7592
221,0,592.5094,402.9981,594.24634,399.88794,594.6328,399.5764,600.9831,403.13513,613.5117,400.5965,599.7862,424.59512,627.1822,418.125,596.87994,453.54266,648.3407,432.95715,592.62604,471.0575,652.01416,432.52783,613.63776,474.91403,630.36346,472.81458,613.5055,516.34674,632.5281,515.04535,618.6958,553.40985,634.64606,551.0884
222,0,592.93774,402.36212,594.5986,399.14362,595.1981,398.87796,600.89026,402.36887,613.8298,400.0704,599.01263,423.71747,626.58704,417.89008,594.6956,452.29675,645.2826,433.90314,589.77966,471.45874,648.32544,436.75888,611.2246,474.89554,628.32513,472.9293,608.56604,516.68866,629.2662,515.60864,613.3441,557.92615,631.8671,555.88367
222,1,472.96475,455.7044,474.8747,451.0301,471.34695,452.54224,484.65427,450.5871,475.1819,454.54065,503.2313,461.78973,485.97867,468.38428,509.97693,486.5325,479.7648,495.10736,486.68945,496.82758,476.5422,494.43347,526.5131,493.1046,511.04514,494.71307,514.5967,505.9754,477.742,507.6974,517.3068,541.69336,460.9217,542.4524
223,0,591.30347,403.4094,592.7093,399.8978,593.96344,399.79755,597.7667,401.47235,610.676,399.45496,596.5233,422.29688,624.07825,418.29034,590.72266,447.821,642.6916,437.01453,584.4274,470.2277,648.5283,443.66882,607.94763,474.19043,625.92303,472.20032,602.8285,515.02606,627.91504,515.8252,605.1691,555.27783,630.2833,550.1127
224,0,588.33734,403.10895,589.9025,399.72314,590.8378,399.5199,596.32495,401.26367,610.4125,399.71307,595.31586,421.24265,624.27203,418.67636,589.93414,450.40674,639.88715,444.32703,582.44855,471.1115,636.6994,459.9741,605.93115,474.1628,625.24316,473.04126,599.957,511.35986,625.9108,510.94116,602.5499,545.62256,628.48694,544.19025
225,0,587.73206,401.93195,589.35223,398.51724,589.84106,398.31714,594.97754,400.13428,608.3381,398.69244,593.31616,420.2908,621.49304,417.62018,587.53,450.23584,636.4045,443.08426,580.13184,470.02283,632.4539,456.38068,602.5222,474.9207,621.65814,473.8908,598.92334,514.372,626.9499,514.0504,601.1477,548.1096,631.155,546.8364
226,0,583.67566,399.69537,585.69714,396.30945,586.0413,396.14282,593.25916,397.89594,605.1182,396.86655,591.032,417.7917,618.80084,416.47354,584.2433,445.58246,634.1605,442.60803,577.95905,464.60913,630.03015,458.24,599.1091,471.81973,618.39185,471.25168,592.80975,509.81384,624.1561,510.05872,593.5793,544.09937,628.2843,543.12103
227,0,582.3615,398.35275,584.1453,394.85767,584.2015,394.6927,589.3407,396.2002,602.4118,395.16653,586.95416,416.1482,616.0558,414.4339,582.0861,445.09882,631.88947,440.5313,577.0184,464.24036,625.2997,455.04483,594.3839,468.40082,615.6238,467.676,587.5,502.9228,623.37305,502.96423,587.9649,541.51697,630.9831,540.40326
228,0,579.6252,400.34503,581.28107,396.86716,581.411,396.55435,585.97205,397.2787,600.66754,395.88385,583.0691,415.76282,614.67615,413.05316,577.2252,440.48282,625.84674,434.1581,578.56244,444.02042,610.27356,434.60464,590.2044,469.882,613.94305,468.65985,583.2134,502.2511,621.25244,501.82672,584.4545,539.5269,627.9288,537.8696
228,1,404.6625,488.62787,406.7792,484.17798,406.34116,482.42923,415.52234,486.12274,424.81207,479.95923,428.32947,501.49506,435.40424,497.60583,425.47894,541.00665,426.61383,536.8009,420.37848,563.9399,419.44443,560.7661,475.68112,525.29767,484.71313,524.73615,432.07947,557.273,461.08127,562.00226,438.62054,568.2648,489.2005,566.39215
229,0,576.7111,402.4718,578.75854,399.27936,578.7129,399.182,582.05237,399.12445,594.8722,397.30405,579.32666,415.32678,609.7831,412.07147,574.0859,441.0059,620.3721,430.745,577.439,438.81128,602.57184,425.39993,586.6541,466.2311,610.98376,465.2488,573.7042,499.43604,621.6455,502.35297,572.2513,539.03625,630.13385,537.0899
229,1,402.70078,492.0539,403.87112,487.64032,403.68182,486.46606,413.2926,486.68945,422.93497,481.8014,426.15778,499.82715,434.65073,496.50092,420.1235,534.1498,424.8134,533.584,420.96927,559.524,422.17294,556.13635,466.27533,527.1479,475.98746,525.8376,434.65244,554.37506,455.89218,555.017,439.8244,568.8739,477.85233,563.4503
229,2,577.1981,402.95514,578.2454,399.54752,579.3276,399.41406,582.1242,398.89163,597.492,397.6283,579.0105,415.53427,611.7053,412.72525,573.91254,439.41354,623.37317,430.59412,573.09534,443.9369,607.70776,427.11865,588.27814,468.08307,611.8165,466.6182,575.84894,503.41144,611.50226,503.1194,580.6372,535.7219,615.5671,535.03094
230,0,575.6417,401.1096,578.1974,397.91125,578.1583,397.8597,581.7728,399.28348,594.6066,397.69177,576.9772,417.46085,608.2896,414.71173,571.76874,442.32397,618.52783,432.84265,577.00824,437.57794,602.3962,424.72305,582.7284,469.00372,608.53687,468.1801,565.82513,500.1468,621.3722,503.71094,561.87836,541.74506,633.57117,537.23804
230,1,412.37683,495.8263,412.4416,491.70105,411.68265,492.40845,418.85443,488.5423,423.17142,489.6217,433.42923,497.93353,440.4819,496.59503,435.18854,525.7958,439.04938,521.61914,422.93234,542.6763,423.1177,541.01733,467.86987,525.0761,474.13034,523.9811,434.14447,542.64514,457.8893,540.7396,439.5602,573.92456,473.6146,568.97
230,2,576.18677,401.1527,577.6954,397.52097,577.8138,397.5393,581.9212,398.62738,596.30963,397.75494,576.4069,417.2771,609.2009,415.0718,571.3897,442.03857,621.9844,433.69318,573.00323,443.43753,607.83624,427.5569,583.9295,471.2909,608.1143,470.46558,569.538,509.9226,612.0497,510.43616,571.35474,546.56116,617.69714,546.2587
231,0,575.2728,403.2238,576.5768,399.82233,576.7126,399.6454,577.9449,402.1709,596.192,400.61765,572.59595,421.84854,607.7022,417.7409,567.4674,447.00424,613.2803,436.2823,572.87024,443.34885,595.6363,428.4292,579.06287,476.59268,607.14026,474.95853,564.9913,507.2658,616.5256,506.47693,562.8868,540.8238,627.4003,538.8849
232,0,570.40985,406.0762,571.8311,402.49536,572.1373,402.47726,575.7951,404.79385,591.5362,403.6483,571.2102,425.67105,604.19073,422.35037,564.97375,455.82162,611.5158,445.35797,560.4185,465.54852,594.4805,447.86716,577.96326,476.78427,604.08923,475.32333,560.1767,509.0384,610.9535,508.7826,557.4268,540.5053,622.4178,539.2122
232,1,573.0626,405.46857,575.1235,402.30823,575.05475,402.6108,576.2149,403.22427,590.0609,402.74432,570.4948,421.27322,604.0556,419.1643,563.58307,453.42636,610.10205,445.3504,558.0895,468.4654,592.6618,446.50458,576.87274,478.33026,603.27795,476.75287,560.662,515.669,614.85095,512.5025,565.45276,570.84174,621.39813,555.26465
233,0,568.5654,408.70935,569.9097,405.01636,570.6277,404.89258,572.0736,406.87567,588.66504,405.88635,567.47156,427.6775,599.37335,426.7554,559.37604,458.12753,602.68445,458.3493,557.7006,463.89752,589.0423,467.86102,574.51385,484.7091,598.3318,484.07617,561.4872,518.01355,601.8801,517.9595,561.65,543.5451,606.8197,543.22565
233,1,568.9705,408.99014,570.70435,405.44867,571.75183,406.09192,572.1665,406.60706,588.015,406.4969,566.6784,425.10965,600.0204,424.372,558.8622,455.7206,600.88055,453.13937,558.43146,466.1809,587.7693,458.1578,575.11053,483.24902,600.73755,482.68942,561.96387,519.3825,609.21814,516.6717,567.87823,573.75305,615.8519,560.4711
233,2,425.16522,463.05725,424.29187,459.69,426.13425,458.7767,427.2493,457.6255,438.5224,454.02133,442.73288,468.83615,446.16376,465.24423,471.1419,487.6559,474.57578,486.77853,482.63284,504.71533,486.02936,503.305,459.305,503.29785,457.9158,501.32513,464.6899,541.226,446.976,539.4658,472.6868,568.2336,420.80124,569.79694
234,0,423.52017,452.49463,423.88098,449.10638,426.4098,447.39587,426.5643,450.92737,445.3664,444.61414,439.721,467.96918,459.64413,458.14362,458.22675,493.66388,478.71176,480.54697,468.51575,520.3419,485.599,513.7534,468.69962,508.85425,480.9691,503.8247,459.10825,550.8179,459.40518,538.97125,485.2549,579.6133,477.0887,572.10065
234,1,560.40857,409.18103,562.8941,405.09116,564.04126,405.62177,566.5122,407.80606,581.0548,407.00314,559.504,428.5496,592.18945,428.45602,551.89905,460.76846,592.9557,455.71652,548.4215,483.85706,577.11255,468.67047,569.5138,486.48886,592.557,487.25717,564.12463,532.2081,594.62244,536.53925,570.52325,582.9952,594.5304,584.1426
235,0,432.36807,451.2307,433.7169,447.17993,434.6452,445.43176,437.65894,448.96133,451.9184,442.06894,446.73227,470.7084,466.72604,455.02344,458.19373,499.4378,489.71344,455.0306,462.45523,526.2906,496.38367,452.46716,476.97324,507.187,488.9489,500.95917,470.5049,548.05853,472.04532,539.56104,482.4464,586.5452,479.2215,581.78455
235,1,552.7927,410.9907,554.6166,407.5504,554.49286,407.24097,559.06335,409.51086,572.8651,408.1977,553.34406,429.08347,584.8542,427.97714,542.8208,455.46515,588.8091,456.9076,541.90625,458.23093,579.3101,465.3748,564.1312,481.65414,587.2625,481.33276,550.04016,512.5627,589.90295,512.9191,548.4866,545.3765,595.4123,544.2055
236,0,544.66095,410.75494,546.89996,407.51984,547.25085,407.4843,549.78296,409.07092,562.90857,407.5672,546.4446,426.96158,573.5116,425.9087,538.43134,451.71445,571.6533,449.66324,532.8652,454.56064,555.29584,457.19742,555.1315,476.70612,579.73035,476.2545,534.0101,497.69598,595.33826,500.6319,524.7539,530.13477,608.9265,524.8176
236,1,443.28128,444.30035,444.04498,440.51895,445.03186,439.5978,446.7096,443.33423,461.80707,438.64618,452.39862,464.33585,476.35925,453.35095,463.3989,474.3151,507.5787,456.63248,474.35394,454.80273,508.824,451.4315,475.06348,512.5012,488.03525,506.2613,465.86914,549.9921,467.98547,535.0514,473.9975,588.20483,459.45853,566.8532
237,0,448.16232,439.81326,449.55035,435.81714,450.9005,434.94354,450.96268,439.70554,469.18814,434.42368,454.05115,467.16562,487.3421,450.4546,457.93216,499.56934,511.5778,448.5892,456.64017,523.88025,495.3757,437.72006,482.42532,512.6591,501.5465,504.69885,469.9904,554.3277,472.3725,537.484,484.79767,591.8406,464.95337,571.3052
237,1,538.02844,411.6504,539.81476,408.91367,540.1591,408.31754,542.36005,409.29865,554.7917,406.771,541.4369,426.26685,562.3263,422.21094,529.7913,448.5701,550.1645,443.40735,510.61917,442.52863,524.3605,445.71002,552.7735,473.73,572.7652,471.88263,540.69586,502.2597,591.60046,500.8355,538.4487,533.488,613.1216,523.1024
238,0,454.40778,439.17947,454.97388,434.93884,457.0094,434.123,456.81555,436.92902,476.4975,431.8859,462.89392,460.9342,492.53644,445.92242,456.164,487.79126,510.81714,445.02844,456.08823,494.77325,499.2152,440.86212,489.67136,511.3427,506.51498,504.4615,475.07986,552.7791,477.74316,541.2183,486.4375,594.14636,480.54495,582.5011
238,1,531.1543,404.4483,532.6431,401.47293,532.63477,400.84653,530.9517,403.56387,543.84033,401.14545,528.8661,423.48575,552.5866,418.4295,525.9452,448.98495,556.00854,440.22083,518.9921,453.19495,548.19543,454.77612,540.23206,468.21548,560.7971,466.4563,527.20966,497.20453,573.07434,495.0843,530.59265,532.1218,594.40674,524.16675
239,0,465.08676,435.92188,465.40027,433.01532,466.93884,432.09335,462.91302,436.17072,480.72342,431.79916,463.12375,456.26782,495.39752,444.6499,460.7454,481.2581,515.1507,446.33353,453.81296,494.37488,502.2975,439.7831,491.71548,503.67126,510.61295,498.893,483.7895,546.55426,491.03763,539.50684,493.19348,591.0909,485.47305,582.3668
239,1,517.32916,406.50168,518.79407,403.72064,518.5304,402.98145,522.3145,404.94708,533.0369,402.67566,525.4791,420.99207,540.80054,416.88553,518.3775,440.40796,537.2669,435.20227,512.2244,440.6964,522.6581,441.7485,534.2905,464.84424,547.00916,463.12704,533.8832,499.7157,555.96094,497.37372,535.0941,531.07245,568.03674,527.2234
240,0,468.61026,432.70587,468.91333,428.8151,470.1534,427.96777,467.30682,430.57364,485.38095,426.31726,470.1059,450.2271,498.85504,441.8377,463.86655,478.30493,514.0158,458.8897,454.43213,493.2611,501.0527,466.4725,498.06125,498.13446,514.99615,494.33093,491.63016,545.7181,497.79364,539.76654,500.5521,592.4283,491.62057,585.0968
241,0,473.09247,433.66663,473.4575,430.1604,474.78336,429.19193,473.265,431.35294,491.8444,426.49017,477.11533,450.31906,505.61615,438.1627,468.97028,477.20978,527.27527,455.86865,458.94876,488.16968,525.44434,474.71198,506.1002,498.5656,522.3698,492.10193,492.70874,545.51404,500.99396,531.24286,503.23138,595.1067,500.5166,570.61176
242,0,483.46393,431.93094,484.30127,427.7871,485.14688,427.23026,483.47302,429.33957,501.0473,425.59442,482.8392,451.89127,516.80963,441.2989,474.59106,478.99173,530.50714,439.12134,456.98315,493.45032,517.9859,412.44083,504.88513,505.06757,527.44135,501.62213,507.8587,546.7883,534.0505,539.8522,520.097,591.44617,541.27686,579.8483
243,0,487.28253,432.03555,487.96918,428.2802,489.7693,427.24875,488.61423,429.98056,506.5319,425.58514,489.164,450.2058,523.2063,442.3452,478.0769,477.4131,538.8512,464.58514,468.0944,489.67883,530.2068,485.00452,512.1992,504.7563,532.17126,500.61774,510.11362,552.62823,515.28723,544.3861,527.64966,600.20526,522.89655,592.33276
243,1,485.2717,432.80902,485.73477,429.7137,487.59094,428.80438,488.48373,430.6635,506.67764,426.62003,490.28934,449.81152,523.15955,442.38416,481.46155,477.40448,537.1609,463.7527,470.07138,490.50024,527.8418,477.75223,512.50745,503.12512,532.30774,499.7155,506.98825,547.9949,524.2503,544.0582,513.6857,588.3651,522.97266,583.1248
244,0,495.3504,433.83398,495.51767,430.70865,498.6317,430.0965,498.1154,432.9565,516.79456,429.82663,497.94354,454.44385,531.9749,449.59335,486.3773,482.5305,546.67523,474.49634,473.17325,497.7834,542.1004,490.80817,517.3368,509.67633,537.7381,507.30432,511.42517,549.8756,532.63715,547.32184,517.12274,579.4837,531.3782,575.92914
244,1,497.20645,433.9813,497.99796,430.1859,499.4707,429.66287,498.6745,432.3613,516.5253,429.07446,498.03586,453.38315,532.37006,446.9876,484.78006,481.69342,549.2135,474.02225,470.15997,496.02173,546.88135,501.82812,518.5856,507.77997,539.3689,504.1507,514.579,552.98627,528.70056,542.82574,525.5333,602.65515,531.73926,589.3834
245,0,500.93442,435.62878,502.09186,432.5405,504.32224,431.8459,504.31305,435.22348,523.883,432.24158,502.00244,455.99384,538.04456,452.4791,490.15274,481.76263,551.57776,479.80127,484.4223,492.2619,552.3709,498.31488,522.51306,512.0337,544.15656,510.15173,511.64087,543.8468,534.45776,541.33606,521.0726,566.6791,535.4368,563.5379
246,0,512.9233,435.61322,513.7003,431.445,514.37286,431.20404,512.3332,433.99927,530.7726,431.4023,511.65283,459.64706,543.39667,451.56735,504.22366,488.37946,562.09625,479.036,481.03326,502.31067,561.3177,498.69354,526.9134,510.29205,550.27264,505.3053,525.71045,548.6052,566.4173,531.28845,530.2991,597.43475,583.17773,569.3638
247,0,518.2226,431.97522,518.86487,428.22675,518.8605,427.63388,518.8162,430.3318,535.61615,427.529,518.9208,453.52847,550.3537,445.82925,514.24023,481.05948,569.95667,469.60028,514.30914,492.88666,570.6879,493.33606,536.34564,502.28174,560.16016,498.8092,537.2584,541.7404,579.19147,535.3933,538.72766,587.51874,598.49286,574.7396
248,0,518.82654,430.31448,520.65594,426.99695,520.77515,426.0291,524.5213,428.97845,539.8624,424.752,524.56433,448.69586,555.424,440.26804,519.512,473.79724,575.9484,462.56345,512.7892,477.99405,576.8178,485.36844,544.7201,498.51843,568.40314,494.86713,537.2513,539.66956,583.5698,534.87994,539.0812,587.6793,600.66595,574.3413
248,1,441.12567,430.75418,440.62332,427.72324,442.36877,427.71216,445.08896,425.50714,454.01736,424.4837,457.24945,437.8508,467.89438,433.64334,460.42984,464.12668,472.00116,455.65292,447.15268,475.68015,458.46704,469.8789,482.41806,472.7551,487.7797,470.0424,469.7356,504.4167,467.57144,500.86377,483.41254,533.91675,471.56552,528.42194
249,0,526.8379,426.53134,527.88086,423.05072,528.1646,421.81787,528.1989,424.11966,544.7228,419.3013,529.2815,444.73975,561.6375,433.30762,525.33234,474.59714,574.6592,450.42883,513.09406,487.62717,559.95996,454.43958,549.0447,493.37183,573.993,487.61142,539.90204,536.3639,584.2121,527.30646,545.6655,582.75195,598.1934,568.453
250,0,523.15247,418.4013,525.16705,414.82,525.30023,414.01416,531.9956,416.26526,544.21436,412.5437,532.79095,435.34784,562.41284,427.44293,530.9944,466.12628,581.9671,452.03198,521.0313,486.98914,585.0554,478.5007,551.7903,479.89157,573.7641,476.50165,547.51984,526.4028,583.3422,521.6959,557.5348,574.59045,602.5212,564.13495
250,1,427.1005,444.52606,427.05823,440.46136,426.16516,441.92374,433.56354,436.27774,432.39325,440.08728,456.09357,443.71613,445.49478,450.37878,481.2787,456.41324,450.3946,472.55008,483.87924,468.99646,438.81064,490.48248,480.70148,479.6598,474.05643,481.1618,457.83405,503.9167,452.57495,504.58716,465.43854,536.0599,462.81,535.4822
251,0,527.0618,419.31024,527.1448,414.7325,527.5355,414.02045,532.1166,412.65765,547.3961,408.96317,538.61633,431.81616,566.2703,423.64377,538.38904,459.23526,584.9559,451.5841,532.76355,480.74274,585.39,477.8573,558.4695,483.0477,578.378,478.20804,559.35614,533.3406,587.6586,522.8749,564.0685,578.85486,604.2763,563.5427
251,1,424.44757,446.98785,424.39725,443.3247,424.0099,444.31943,429.66953,438.83383,431.25952,441.39212,447.3704,443.607,440.75897,451.07092,473.33298,454.49252,439.007,476.4451,479.62173,461.75436,429.95764,493.63257,470.37015,476.79297,466.8302,479.6181,458.4338,507.25684,456.28845,509.46295,461.024,540.83,458.4569,541.572
252,0,529.1811,413.8024,530.44727,409.5816,530.7447,408.81552,535.2594,409.44748,549.4679,405.6864,540.20337,425.73975,564.4296,420.29395,543.32733,452.59152,582.87665,446.97302,538.09314,470.78384,582.8118,473.4253,557.88947,468.11588,576.9729,465.81104,556.0848,516.8575,586.99713,513.01324,563.3488,563.8529,608.3363,557.2854
252,1,422.47662,449.5382,422.23807,444.76953,420.80334,446.5592,428.04532,439.72934,426.3286,444.50644,446.07324,444.46912,440.61826,456.3708,471.7928,449.0305,441.70657,480.0732,479.58826,457.55896,432.1081,494.71576,474.36313,481.9957,470.86267,486.5677,453.10675,514.393,454.634,518.8647,456.21774,545.81885,458.11917,549.125
253,0,531.7041,417.09793,533.46747,412.85144,533.2642,411.5225,539.9855,411.86212,551.2811,406.87854,546.6004,426.75323,565.95575,420.42194,553.6629,450.97903,569.364,441.77637,544.7035,462.9408,547.48376,456.12045,566.4501,467.94296,583.8616,465.55002,557.52045,512.9679,586.97363,512.4414,563.0396,556.6627,609.2101,555.08954
253,1,418.26346,448.25473,417.59982,443.88052,416.29776,445.43994,423.5339,440.03934,421.4281,443.96368,446.3183,450.75565,437.3234,454.60794,470.47864,473.04404,444.06152,477.43222,459.82986,497.9665,430.77054,497.67133,471.1363,489.2793,463.39868,489.78357,460.48438,523.0044,441.91763,522.6953,472.129,562.24567,439.80048,559.23254
254,0,532.34607,408.38345,533.91254,405.12283,534.57227,404.00128,538.71405,407.35678,552.21484,403.05133,546.1187,422.93875,566.65686,420.12296,555.1661,449.82266,573.75555,445.19882,548.94244,472.22794,556.3133,464.63956,568.5216,465.5791,586.5081,464.84494,555.65985,507.57147,590.5083,510.35858,561.47534,548.4417,607.7254,552.74536
254,1,413.80814,453.513,413.61038,449.16516,411.75403,451.12766,419.6786,444.84637,414.26825,450.1629,440.28238,450.32138,426.013,460.78757,466.6574,459.41385,432.1589,481.542,465.31805,477.67618,423.59366,500.53357,464.94034,487.1557,454.23633,490.91455,455.98053,513.7129,435.60608,517.3271,465.51514,547.4006,436.01755,549.5958
255,0,534.5085,411.0604,536.77277,407.2718,536.508,406.01462,542.60803,409.2083,554.7099,404.47974,548.2317,426.8464,570.7848,421.73737,554.96313,453.54276,582.1946,445.29385,547.3756,472.21872,563.32117,462.26227,568.1262,469.54492,587.45966,467.81586,559.3061,509.66406,594.753,510.0517,558.9455,549.8786,610.46985,550.58356
255,1,407.38315,455.83597,408.05472,450.76608,405.34225,452.77734,414.975,445.92264,408.32416,451.6518,433.51544,450.48468,418.8644,464.6977,459.9025,456.45804,422.3018,489.05975,465.94998,468.01825,419.16138,501.05176,459.3623,482.7852,449.3754,488.71252,448.56107,512.28046,436.02936,518.57404,456.41876,541.14496,441.2235,546.972
256,0,535.71954,411.5758,538.16675,407.7212,538.083,406.60934,544.63007,409.9861,556.88983,405.3437,549.00934,427.97037,572.18195,421.79398,555.17914,456.3658,579.437,444.79852,548.3058,470.83066,558.234,457.95877,569.2073,468.69147,589.4818,466.3547,559.3492,509.1626,597.0749,507.71155,560.22754,551.68884,613.28656,546.6426
256,1,400.63214,458.10696,402.04642,453.8517,399.83295,454.66385,410.2637,450.95,404.79965,452.99445,428.8204,458.1633,412.52432,463.98947,451.07153,468.27716,413.63602,486.37854,460.7002,477.87247,414.1249,506.10242,452.06226,481.35126,441.20956,483.4739,440.6819,512.8553,429.97903,513.7892,447.84592,545.17303,439.88126,544.91565
257,0,400.85263,458.3291,402.8231,454.1109,398.92245,454.92694,410.6731,450.35278,400.66428,452.67645,429.2638,458.24933,407.02954,462.71967,453.94302,473.22513,411.8697,483.15527,458.52362,493.17456,411.63364,502.67706,445.14645,485.656,430.9727,486.86624,431.1226,515.92236,418.65363,516.38916,435.4982,547.9171,429.33548,547.2393
257,1,537.78394,411.0509,539.79205,406.8079,539.6725,405.97876,545.5179,408.42215,559.07965,404.3011,549.46954,426.30765,577.0197,420.88785,554.8371,454.6117,589.5044,444.37253,551.88776,473.53812,572.02527,461.0764,568.37756,467.24686,591.34863,465.05792,559.19366,509.18726,597.8265,507.45294,560.484,553.55194,614.3615,549.68
258,0,395.9626,460.81903,397.8297,456.6919,393.72827,457.7831,406.56018,453.8933,395.7878,457.1771,425.7757,463.18796,402.87195,465.45657,436.40204,487.9904,406.5454,488.16382,428.55994,506.43475,409.9948,504.0962,440.23416,488.92047,423.80426,489.07404,432.44437,516.1378,411.8174,515.0046,436.2026,553.2702,416.22812,550.83527
258,1,540.7577,412.59235,542.2443,408.5695,542.36115,407.49597,547.8375,409.39435,561.05286,404.79514,552.36255,429.1118,578.8406,421.57297,554.8049,462.61053,592.82404,450.0073,553.50195,494.35474,586.7922,476.38486,569.1408,472.8663,590.8014,469.2685,564.0657,509.80658,600.6526,504.74286,567.89087,550.8856,616.44934,542.2399
259,0,541.4448,411.13293,543.7937,407.23825,543.3361,406.18442,550.6701,407.6076,561.38306,403.28177,552.92645,425.52292,583.83044,418.39096,553.4346,460.83777,596.7943,443.13663,548.06635,492.35345,589.04346,466.24704,571.73706,467.69788,596.31665,465.0033,564.34814,504.50415,606.64734,503.8333,570.21497,542.4214,619.6784,544.4957
259,1,397.25967,464.1784,400.02765,460.1508,393.89923,461.2415,407.76218,457.06317,391.6012,460.38715,425.0141,464.5021,393.55466,470.01062,441.55798,480.4439,397.08264,489.44666,431.05197,497.40228,402.50458,502.24286,434.70444,495.8531,413.0067,497.7906,433.86227,520.80334,404.3063,522.4557,435.25507,554.6809,408.54526,555.4697
260,0,548.0025,407.41943,549.1994,403.3793,549.6627,402.54007,554.0145,403.255,568.745,399.2929,557.9377,422.54956,587.2737,416.4276,556.1866,451.41998,599.77966,441.32364,549.9095,465.71246,589.3974,455.89194,575.19324,467.70825,598.6047,464.47693,566.0967,503.4469,609.2027,500.88782,567.4701,542.5395,623.0753,539.8258
260,1,392.87924,465.35175,395.39062,461.4277,389.62158,462.4956,403.10886,457.01324,387.48117,460.5638,420.81732,464.00488,387.4225,470.85895,439.87506,483.81958,380.81143,494.34125,418.64127,499.28943,378.0342,503.19855,425.886,509.26044,403.13013,511.76825,424.61417,526.1171,387.13757,528.9773,431.80298,564.6968,389.32596,566.728
261,0,549.2684,403.99976,550.8888,399.83014,550.6589,399.16473,556.82465,399.72647,569.76,396.1353,563.1477,418.2157,585.8177,411.9293,561.0987,446.85248,588.47815,434.83752,549.96136,455.68634,567.46246,445.25323,580.398,463.65967,600.35016,460.6683,571.919,502.5705,611.67816,500.15674,572.02844,542.0599,629.31116,537.2172
261,1,389.82043,464.0368,391.57452,459.46634,385.9021,461.285,398.20483,455.7022,382.00986,460.46704,414.04343,465.14835,381.07233,474.17627,433.9478,482.05286,379.0843,496.2826,419.64297,493.27002,383.19666,505.5724,418.65134,509.70367,395.39966,514.3064,421.10992,531.32654,384.13196,542.05334,417.22498,573.29926,381.47815,585.8049
262,0,553.7162,400.54517,555.71356,396.4092,554.6969,395.5653,562.96576,396.20325,572.5061,392.39578,568.46704,414.4098,588.972,408.81195,563.94073,441.088,591.16394,432.43283,553.21387,448.2051,572.2273,443.57437,584.9862,462.19827,603.4983,459.4809,574.0307,499.21606,613.6562,498.226,571.4946,539.6925,629.42847,534.37787
262,1,380.58423,476.20715,383.1721,472.58484,377.0419,473.61737,390.91772,467.63678,374.0558,471.01938,409.45764,471.44235,373.38474,477.54874,430.67163,488.69165,365.83557,497.32562,403.96783,501.31567,369.45898,503.7068,416.93213,513.2006,392.86392,515.66223,412.03067,551.1857,383.95395,553.8658,415.81406,590.8789,386.06064,592.0156
263,0,555.1887,398.68875,557.30786,394.70105,556.0696,393.7527,566.152,394.55447,574.0635,390.60132,570.644,412.78488,591.4351,406.73837,559.70917,437.3015,587.3062,428.02747,552.003,439.89554,570.28076,435.99942,587.7448,462.93387,606.02576,459.9986,576.3209,497.5692,613.97943,496.5343,576.00616,534.2512,628.9011,527.4398
264,0,559.6821,398.9924,561.7579,394.88782,560.23145,394.38153,571.7783,394.84235,576.94244,392.14697,579.92975,411.77853,593.109,408.67538,571.51764,426.80096,584.2519,423.99503,567.3281,416.38492,576.97504,418.10226,594.7703,461.88556,608.31274,459.9245,579.24335,495.62903,615.3333,494.54028,576.46277,531.0694,629.6265,526.63934
265,0,563.7197,399.01562,565.3353,395.17377,564.2514,395.0218,574.0457,393.9681,580.3173,392.46866,581.086,410.46182,595.7815,408.7053,573.5114,429.1598,583.807,427.9518,562.6663,425.83832,566.7017,436.81415,596.5853,459.8186,610.7287,458.41797,580.5464,490.84485,615.7065,492.92944,578.42145,527.8625,628.90607,527.80756
266,0,567.24365,399.85043,569.37476,396.05154,568.0578,395.73752,579.88574,394.93396,582.6011,393.45435,587.92377,408.363,596.7663,410.0059,577.56134,425.6649,578.5742,435.95624,568.877,414.51343,563.00256,443.97552,600.06433,459.7618,611.4108,459.8674,576.2819,485.53952,615.0092,490.22986,573.59076,523.9759,630.9879,527.3112
267,0,565.8982,394.36517,568.6293,390.70883,567.6057,389.84885,575.8528,391.79816,584.0481,388.0214,577.76385,410.73874,602.4745,404.54425,571.81006,439.6552,606.849,424.5183,555.07635,444.19867,581.2774,436.98364,597.4908,455.7161,618.33466,453.5021,575.8245,481.96594,618.44244,485.85443,572.9872,523.58777,629.79285,523.7842
268,0,566.86206,393.5961,569.43164,390.0478,568.61884,389.00696,576.8054,390.9392,585.68744,386.5785,579.2665,409.65744,604.4924,401.5707,572.6687,437.94052,608.69806,419.20383,555.50354,444.12292,582.89734,432.95004,599.6864,454.6829,620.7041,451.4515,576.9016,482.02347,618.4271,483.7859,574.0015,525.0375,629.5628,522.3606
269,0,568.87714,393.4524,571.6188,389.67725,570.83636,388.9225,580.30554,390.30713,588.5588,386.7191,581.707,408.38116,608.1124,403.30453,574.31213,437.01947,609.3322,426.85593,557.11993,442.3677,581.3746,440.4708,597.3445,456.8942,619.4097,454.54468,576.41724,482.4985,619.67365,484.5185,572.6457,524.3552,628.5161,522.2593
270,0,569.8555,393.2942,572.4128,389.64502,571.79407,388.96606,579.85645,390.05753,589.0756,386.68137,581.4246,408.17203,608.6464,403.19162,575.2287,437.35446,615.8065,426.73102,555.2804,444.43396,591.24084,441.76468,596.19434,458.11972,618.49207,455.9621,575.35114,481.27945,619.9667,483.9117,572.58594,523.39465,629.0853,521.8583
271,0,570.3733,392.68338,573.0511,389.31854,572.42224,388.505,580.8869,390.2214,589.2265,386.67593,581.1715,408.91797,609.8686,403.0059,574.507,438.03864,625.8617,426.9229,554.9723,443.78232,618.09393,448.53094,596.48193,457.16833,618.4814,454.72717,577.5972,483.9392,620.19446,485.35043,575.2994,525.3784,628.6793,523.34973
272,0,570.6026,392.79178,573.37646,389.4801,572.66516,388.64697,581.33185,390.24673,589.00806,386.6802,581.2379,408.52975,609.443,402.69095,576.52875,436.3896,625.7571,424.6575,559.44507,444.7349,616.3417,441.91458,596.7374,456.8611,618.3318,454.48587,578.45807,484.299,619.52216,485.4625,578.02277,526.7148,628.6629,523.1107
273,0,570.3747,393.07935,572.9769,389.67828,571.83826,388.86008,580.739,390.1039,588.2046,386.5928,580.7567,409.09808,608.33246,402.84283,577.9953,436.13712,623.3731,423.4084,562.9794,443.9017,607.83655,437.00204,597.67084,456.64618,619.10364,453.74347,576.77856,486.3381,618.21313,487.8266,574.43445,529.7913,628.70245,525.7097
274,0,570.13635,392.33856,572.7246,388.95178,572.37164,388.14532,579.98755,390.44943,589.35443,386.81528,579.9164,410.48972,608.5596,403.37625,573.20654,439.55972,625.6166,423.76752,556.45917,449.4511,621.12787,442.21582,594.8255,456.63895,616.2405,453.7419,580.24896,486.8207,618.66864,487.16254,579.8434,527.3101,628.2759,523.77277
275,0,570.94916,391.2298,572.67114,388.19354,573.67773,387.6607,580.5306,388.9132,593.4899,386.75275,580.10004,406.5003,610.4422,403.71457,572.6769,433.00812,630.1295,428.9134,566.977,449.15668,628.4154,443.7886,597.2448,451.5214,618.6954,450.0774,578.6229,483.60147,616.5133,482.49884,578.7485,515.01996,623.631,512.4852
276,0,571.4242,388.63965,572.9283,385.68564,573.83185,385.15936,578.81903,386.74652,591.7908,384.65552,578.9534,404.63397,607.7681,401.9691,573.3551,430.9369,626.9541,426.71518,567.7184,449.06702,625.15906,442.7773,595.89514,450.2214,616.7019,448.84702,578.1396,482.42438,616.24713,481.19403,578.1136,513.73694,625.31714,511.27386
277,0,570.7362,388.12152,572.63617,385.03195,572.51434,384.47742,580.69244,386.4657,591.23895,384.28757,580.6572,404.23688,608.20917,401.64984,574.13696,430.6605,626.26807,428.26175,567.1862,446.37076,621.78754,444.30984,597.5755,450.0412,617.65875,448.82788,575.87317,481.171,616.4729,480.30283,576.49835,517.3188,628.5231,514.4319
278,0,570.1921,388.7515,572.88934,385.13147,572.4634,384.40286,579.03076,386.54016,589.809,382.94006,578.3689,406.26273,606.51245,400.41232,574.11816,433.41324,617.45087,418.0471,563.59576,444.19022,595.0948,427.26956,591.49194,452.36667,614.9568,450.3317,572.77655,482.32413,619.6489,486.03156,567.14215,523.0663,634.759,522.47687
279,0,582.8684,388.61328,583.36707,385.8111,583.564,385.12964,577.8788,388.47437,594.6293,385.9251,576.56036,408.6471,608.89935,403.96902,571.50385,436.2399,624.1958,425.7715,560.0012,444.7205,615.84204,441.97815,588.695,457.40833,614.9796,455.47086,570.415,486.76236,624.36743,485.8391,563.224,520.6903,638.2362,522.7233
279,1,359.63934,529.4173,360.6378,526.51196,361.51547,526.17694,367.22797,527.59143,381.1158,525.2078,375.4357,544.6935,400.68198,540.1815,378.55914,581.89764,402.6399,574.9981,373.6874,605.2255,381.92056,599.34827,410.84268,598.1894,428.17883,595.4698,378.0147,621.0359,403.05536,618.0582,387.83615,655.0498,410.4269,649.756
280,0,586.6065,390.04816,586.6274,387.30167,587.0209,386.5291,578.2626,390.77887,595.7989,388.5278,576.11145,410.95093,609.1801,407.99905,571.3964,438.664,623.99506,431.5708,567.79254,455.05167,621.7925,453.70355,588.51373,460.0609,615.7435,459.04187,569.6427,488.35132,628.10114,488.98157,561.7874,520.2429,643.449,526.515
280,1,585.9945,391.57193,586.5166,388.5434,586.55756,388.05453,578.7125,391.1788,596.32245,389.39984,575.3562,411.55676,608.5739,408.38635,569.9762,440.0943,622.6444,433.79547,567.97845,460.38074,620.6136,454.6438,589.24915,460.66913,615.0977,459.05426,574.27936,487.59265,622.2285,484.90347,571.73035,518.5836,637.2651,515.7827
280,2,375.7729,533.6245,376.12238,530.76135,379.0142,530.04,380.567,529.4252,397.98434,525.4324,381.2667,544.85767,416.2526,536.8269,375.63315,575.60834,436.32013,553.8733,368.7342,596.9057,434.07843,558.56616,410.16168,598.5461,433.1792,595.4322,393.72083,627.41046,426.94116,624.6185,405.37665,654.0901,435.85187,650.6093
281,0,391.54694,521.5387,392.82867,518.2136,394.10828,517.4452,393.4173,518.62,411.9647,514.179,391.53412,536.9169,428.49432,526.9608,382.5604,571.0038,452.9037,533.5136,375.04416,596.53973,455.49664,528.3492,417.11948,597.797,441.23993,595.6428,404.5492,646.76154,439.25522,649.913,407.76465,685.2175,438.36755,684.7694
281,1,578.2359,397.49048,579.3153,394.3049,580.6692,393.78076,579.69147,397.53012,598.5526,394.99963,576.74994,418.26538,611.55255,414.1878,570.1852,444.49167,624.0396,437.9506,568.97974,463.2879,622.7557,457.7972,588.53876,466.41418,614.0972,464.46094,575.55945,493.83923,620.27545,491.59808,575.5359,518.8516,630.8014,516.0997
281,2,581.09717,398.03067,582.08325,394.66315,583.0452,394.32718,579.98755,396.92703,598.79266,395.02823,577.6877,417.63498,612.2008,414.51822,569.15454,445.13928,626.81885,436.59644,568.36676,461.9336,626.55237,456.15857,586.97034,467.154,614.7187,465.7664,569.75366,490.74524,630.17163,493.2046,561.14594,520.7231,648.14526,529.3158
282,0,581.45294,403.95013,582.71277,400.23175,583.857,400.17764,582.29675,403.53732,603.0246,402.34613,576.6405,425.80457,613.87787,423.50403,570.7244,452.8589,622.80426,447.78174,572.2714,471.80264,619.0404,465.81094,585.4682,473.10803,612.15204,472.07318,575.80554,498.67316,615.77747,497.91437,576.8281,522.91455,621.7715,521.6633
282,1,405.34967,510.03815,406.47913,507.34918,407.8816,506.8662,405.011,508.88086,422.7882,506.05426,401.59818,527.1059,436.17398,518.88464,386.9081,553.0987,461.30908,526.1563,383.24066,560.03735,465.19992,532.7936,419.9443,583.6282,442.47247,581.25037,403.43344,620.04834,440.5784,623.48267,403.94733,660.9385,440.77472,658.87463
283,0,582.82825,409.58038,584.18335,406.05945,585.7473,406.14453,587.57635,408.74902,605.0812,408.19537,581.4468,429.13754,615.6517,428.4817,572.1177,453.64438,625.0814,452.28952,571.32025,469.02893,620.4,468.07922,587.59814,478.31897,612.2059,477.98834,575.72974,495.5982,618.18164,495.9792,576.1468,514.1198,625.23444,513.8811
283,1,428.05267,499.7002,427.2136,496.88226,428.91965,496.53314,416.6166,498.9416,436.3994,498.2663,408.98593,520.0046,449.21356,513.72455,393.61285,543.55884,474.3538,520.121,389.53943,557.02606,495.43008,528.8827,420.3177,578.8417,446.50772,575.8982,396.8448,616.5757,436.9683,618.51697,391.85526,664.0929,433.62415,662.777
284,0,592.3366,415.9025,593.2082,412.53052,595.8531,412.82834,595.8204,414.6035,614.07513,414.79333,588.5288,433.75143,623.29364,434.8835,575.38837,456.64734,633.92676,460.15692,572.3658,471.278,634.11487,477.72635,591.7497,483.80264,615.82275,483.9939,579.55206,496.4488,620.8038,497.30023,577.9633,507.3991,624.66284,507.98602
284,1,441.6337,490.33118,441.16235,487.34665,441.6441,486.90585,428.7909,489.76105,447.79907,488.76715,420.82053,512.02216,458.14673,506.7704,403.9385,538.8878,484.14038,517.82477,408.49728,542.03906,501.11987,523.4768,429.04483,571.9428,455.21072,570.4565,405.63055,615.8606,453.53775,619.31274,388.83698,661.93567,450.6742,664.94385
285,0,598.0816,417.556,599.3595,413.95087,601.8101,414.58438,602.5633,416.88293,620.8349,418.17612,594.2627,436.6117,628.0813,438.90402,578.2446,457.51746,637.7911,459.7712,569.6457,469.78815,636.95874,472.01468,597.8907,483.34204,621.74615,484.26456,584.1207,491.27246,628.98676,492.80872,581.5879,510.12488,638.0867,511.13245
285,1,449.55554,485.86047,449.0001,482.66116,450.6686,482.4948,438.89276,485.18655,460.0323,484.6315,430.69434,507.6615,470.87778,503.3841,414.62283,536.4926,497.4626,517.8351,408.82913,564.8109,512.5196,528.53,438.44202,567.981,463.56857,566.33014,431.39087,614.2166,460.41217,617.4451,425.82303,655.26404,450.82254,656.40967
286,0,465.96704,484.6738,465.40564,481.8048,466.2057,481.4535,451.8394,483.3043,472.53772,483.21057,440.9772,503.76965,483.70508,500.99615,424.65668,531.0407,506.3472,519.16504,432.26108,540.9458,523.33234,534.12823,443.02744,563.443,473.73572,562.45526,427.20422,606.1214,481.91428,609.2846,417.98627,651.56775,479.78238,651.3456
286,1,611.3541,418.27573,611.8455,414.8148,615.5855,415.61795,614.7958,418.0489,632.8321,419.62424,605.84357,438.8526,640.7749,442.62393,587.5685,460.98224,649.9998,466.225,572.5171,473.59683,645.327,475.44806,607.25745,487.96533,631.5526,489.22382,590.4195,487.14337,632.55774,489.86914,587.6607,514.7182,640.94196,517.3074
286,2,613.593,419.35632,615.48334,416.33057,617.2895,416.87378,613.6983,419.0281,632.0909,419.11,603.8019,437.46417,641.7461,440.32712,586.0716,456.8898,648.6128,463.76096,568.43616,477.4455,645.7053,473.68808,604.4069,488.10052,634.1096,488.25085,586.1403,489.9043,650.0755,488.1933,575.968,528.1055,657.6024,527.7451
287,0,469.5655,484.268,469.86325,480.22922,471.46838,480.6695,461.07297,481.57037,483.24728,482.0033,449.44952,503.34955,495.0511,503.9035,436.9658,533.12573,504.48972,533.2678,436.68814,546.80566,498.6101,550.24524,450.85574,556.85913,484.14423,556.8064,438.83902,598.4983,488.66028,599.5368,433.9923,640.40533,485.37952,638.55634
287,1,633.15076,419.77997,634.0836,415.91312,633.6556,416.63834,626.751,417.62747,644.3986,419.84985,615.23315,436.21597,652.2601,439.998,601.87976,457.20157,662.6881,462.9863,600.49335,461.82605,653.27765,469.71237,614.7321,486.1094,642.62494,487.3596,601.4283,492.3769,650.86523,493.8661,595.4377,533.67786,658.93195,535.1498
287,2,629.24896,418.84412,629.2047,415.46875,631.48065,416.09265,626.153,417.94263,644.11145,419.35953,617.55225,437.04706,651.84705,440.18674,603.1329,457.35416,660.8222,463.86786,594.5089,459.74854,654.2387,469.06042,617.52405,485.60043,641.9628,486.3771,603.0378,490.90094,644.92267,492.49756,597.27014,519.8953,649.78345,521.3474
288,0,639.26605,419.42395,639.623,415.64624,641.744,416.46722,637.5819,417.05573,654.8594,419.4409,627.52124,435.0178,662.67096,440.77338,603.83496,450.6277,669.3125,463.71207,587.4196,452.86258,659.19385,472.94055,626.7669,486.5102,651.396,488.03986,606.68256,488.38953,650.8067,490.7519,599.46686,517.5371,655.7262,520.11865
288,1,479.19458,483.886,479.57178,479.72485,481.08856,480.193,472.65704,481.19046,492.8849,481.76376,461.5656,502.37653,502.04022,504.6645,448.40512,533.20404,508.02682,537.8612,447.24808,556.56134,509.47992,556.9244,462.40567,559.3854,491.079,559.6682,453.05847,605.2036,492.78885,607.74396,445.7438,649.64984,486.96155,650.9911
289,0,650.2098,419.35208,650.5277,416.44803,652.86365,417.41852,646.6022,417.81296,665.4809,419.5616,639.5473,432.77206,674.2015,444.06238,613.8392,442.41797,685.45667,476.459,596.1035,449.50433,684.6692,496.25146,634.8893,487.42706,660.7495,491.04498,609.6937,493.89563,669.5055,494.29065,584.8493,529.7621,664.60535,529.56433
289,1,495.39032,484.9918,494.8523,481.10712,496.5318,481.45804,484.103,482.1291,503.60764,483.15552,471.40393,502.76923,511.017,505.62988,457.32162,530.30597,526.2863,534.36615,457.27005,549.71356,537.0671,553.13635,470.53812,558.3585,496.2072,560.4423,467.77228,604.4097,496.22726,610.0428,467.3831,644.02423,488.9098,646.8233
290,0,503.29047,484.2804,502.6256,480.36975,504.16006,480.65204,492.68555,481.38693,511.84064,482.37454,481.55038,502.17908,520.38336,504.75262,465.8843,528.13196,532.06287,534.49005,458.37152,548.764,550.37445,553.6058,481.30087,561.7278,505.4545,562.6279,481.7511,605.1944,502.65634,607.80096,481.29068,642.55994,489.99564,642.58594
290,1,670.93994,420.3333,670.7298,416.62616,671.19135,417.21378,659.23865,415.96735,675.77783,418.25287,649.22424,428.9485,680.3369,439.21274,624.8009,433.36893,690.4664,467.38623,610.54065,441.21814,692.3836,484.13928,643.277,481.95642,666.82416,484.17325,620.51434,501.91876,666.46063,500.56616,594.3115,531.453,666.41785,529.34827
291,0,504.64642,481.43256,505.26733,477.63583,507.4135,478.16153,501.13004,478.28235,519.9864,478.55927,490.65686,496.98334,529.1121,499.17096,472.48883,521.1691,543.6648,522.5124,462.03662,542.3541,549.55475,531.9944,493.07635,552.3815,516.58545,553.64514,488.4584,591.65704,510.00638,597.45984,490.9599,628.3108,501.48462,632.36786
291,1,681.1598,417.9805,681.6506,414.37082,681.81085,415.34848,671.95715,414.5023,687.64276,418.53317,660.6465,428.91876,690.89496,438.18765,638.66943,436.1554,694.70184,458.6308,628.4769,433.64267,686.92554,468.3335,653.45135,479.87442,674.29083,482.73312,639.8882,494.22278,673.6337,497.1281,632.9238,515.92126,674.3023,519.94763
292,0,523.8021,470.29767,522.5331,467.06894,524.5602,467.43173,511.99487,468.99826,529.34717,470.0666,502.9025,489.53296,536.2911,490.12738,478.42978,513.895,551.5102,508.1435,469.0276,542.138,561.4628,508.43213,506.83945,543.9094,525.1606,544.12744,508.7683,575.89087,515.44415,580.3767,508.51172,613.0228,506.3324,615.4271
292,1,698.57117,417.50073,697.7897,413.63287,698.14307,414.52905,681.66693,412.36758,696.8532,416.91568,667.6511,424.2597,696.1944,439.80762,644.5058,429.44427,696.4004,470.6194,642.7535,429.87717,697.29877,497.58325,657.4509,474.61438,677.8567,481.04315,645.1933,503.50598,674.50635,513.53613,635.3449,536.64136,668.6094,542.7895
293,0,708.6554,418.2944,708.0778,414.694,709.25354,415.60785,692.3708,413.20752,708.3434,417.88345,676.61005,425.6884,705.8769,436.77643,655.13184,434.8092,705.2668,462.2691,651.1268,444.87537,710.04614,483.5426,662.03735,471.9931,679.69965,476.37018,670.2635,498.39447,687.43475,503.15704,663.04565,535.29956,678.0341,541.6809
293,1,524.33356,465.1155,524.88074,461.46524,526.47833,461.899,519.51404,462.95883,538.1875,463.1718,510.2421,484.05386,547.1175,485.15616,490.40317,507.62463,556.9335,508.10492,478.52982,527.8562,563.0529,512.21106,513.1349,542.2147,537.8199,542.2202,504.7984,580.5136,541.17816,581.6468,502.13937,621.45337,536.13116,620.7804
293,2,523.1085,465.4815,524.1741,461.69128,525.2216,462.19702,519.6316,463.122,537.8713,463.94318,508.60226,483.49353,544.98126,484.5357,488.27765,511.62372,558.5323,508.41937,475.95938,526.6821,561.1992,515.6686,513.1873,542.3106,536.0204,542.8073,508.43628,582.47644,538.5171,583.4528,506.69748,615.5238,537.8319,616.93164
294,0,546.7039,461.05307,544.7333,457.2415,546.6828,457.32227,529.7941,458.23807,549.93396,459.3891,518.6491,480.0076,557.03735,481.97772,498.94324,505.81622,568.9055,511.9052,487.65247,523.67035,571.71454,535.041,515.5032,541.61633,538.69037,542.0811,514.25336,582.1242,529.46027,585.3876,506.74323,623.51166,509.80765,625.28656
294,1,544.1965,461.37598,543.76324,457.5322,544.997,458.17303,529.118,457.46207,548.93866,459.74277,517.2096,477.55893,555.12256,481.52594,497.87323,506.31958,569.26624,512.4439,488.03998,523.6748,571.4484,529.8612,516.62,540.6904,538.84344,541.7151,516.333,588.0152,534.7094,588.938,515.50555,625.8846,522.41486,627.48926
295,0,730.8473,432.76196,730.47144,428.04028,730.3167,428.50027,709.6262,424.32053,724.47217,428.52176,692.7945,436.9205,714.8846,446.81595,676.70605,459.2793,715.6985,476.78833,682.33203,475.543,713.62317,487.66254,676.156,480.54117,693.92664,486.21896,690.1445,504.65765,717.9704,513.14764,679.6606,536.44464,724.9187,547.8858
295,1,543.208,457.33307,544.1477,453.06357,544.52344,453.46872,537.6384,453.98108,557.1467,454.7772,525.5406,475.873,564.6677,476.85324,508.01404,508.3274,570.0108,507.08856,502.0384,523.3334,562.5534,517.9114,526.5809,537.8538,551.8708,538.03143,520.99725,572.86395,547.5639,573.90533,523.9017,601.56647,543.63104,603.29913
296,0,563.4459,454.12952,561.4168,450.5195,562.86646,450.1922,546.58307,452.26273,565.0832,452.44028,536.03284,475.02005,573.8209,475.66476,517.72064,499.0307,583.2686,506.59064,513.5941,514.61597,590.3425,532.32886,542.1339,528.00745,567.16516,527.89325,545.57745,572.7655,574.4746,569.76086,548.26404,612.10333,575.23505,607.69257
297,0,567.7596,452.11493,566.6013,448.17136,568.1684,448.3078,555.67163,449.35864,573.8888,450.30896,545.26416,471.94055,582.57996,474.7824,528.7691,494.29315,590.37085,506.87512,521.78925,510.07928,595.3537,533.5716,550.2078,527.3831,574.60754,527.8426,553.2672,570.5997,580.94476,568.99097,552.7424,608.46136,578.8005,604.7627
297,1,751.255,432.66037,750.7408,428.7852,750.5615,429.5338,732.23627,428.56497,743.5491,431.8633,719.4732,443.04233,730.8749,449.74994,711.1854,462.926,725.5963,475.15396,716.80963,468.8837,726.95465,482.55612,695.11365,488.06073,704.4276,490.62708,697.4684,516.0681,718.3487,518.9496,685.17755,537.3835,716.8587,543.0692
298,0,579.8223,449.2428,577.6451,445.57983,579.4426,445.49692,562.27216,446.44937,581.4143,447.4213,552.227,467.42062,589.52246,469.40613,536.92444,491.43445,599.58203,500.40375,536.0917,505.7072,601.6971,529.86884,556.47205,521.9727,581.23584,522.2456,558.216,563.46356,585.6741,563.02966,553.58826,597.4644,580.8353,596.9727
298,1,764.03143,435.0274,763.84595,430.8389,762.1357,430.7815,750.6043,430.70325,751.9952,431.9013,736.6999,447.96872,738.5607,450.3431,729.0794,473.35785,732.14514,476.47888,729.91943,488.35455,737.7961,486.76114,713.23663,483.473,713.7853,484.4621,714.29614,508.62384,706.5607,514.3211,703.6685,534.009,686.89856,534.50665
299,0,584.1981,445.34546,582.53296,441.46063,584.8551,441.5163,568.78314,442.1421,589.5909,443.11807,557.1727,463.869,596.89264,465.8341,542.16113,492.0163,607.33405,498.14624,539.39,516.0453,610.8827,524.22015,564.7953,521.43097,588.7879,522.47485,579.02155,553.82874,590.5627,555.2103,586.344,585.20667,584.5825,585.3791
300,0,588.8221,442.48053,587.7851,439.0813,589.76953,439.2346,576.4687,439.79263,595.97784,440.57916,565.11993,459.4301,605.5538,461.60168,550.7441,487.03848,617.09247,493.58337,554.3139,504.38953,618.16376,518.0388,569.72217,517.7947,596.36865,518.3071,568.641,549.9304,596.2331,548.81604,572.9823,590.1469,592.5165,583.95575
301,0,606.1892,435.3075,604.0316,431.54932,605.3778,431.20096,586.3438,432.42163,604.39575,433.12082,573.1245,454.04837,611.0726,456.31305,558.3644,478.0536,620.5276,486.58423,557.5931,500.79553,625.59265,509.41412,581.51544,511.52734,606.3183,512.67834,589.8021,549.30493,612.93445,546.9284,596.4587,586.4592,611.8766,579.23206
302,0,605.75055,431.58752,604.0408,428.07452,605.76764,427.99347,588.97437,429.11987,608.7857,429.7786,577.68713,450.57056,616.2592,451.59888,564.1192,476.70972,628.8563,483.1447,559.7334,501.09882,635.93524,506.32947,584.83923,506.60278,611.73254,506.58356,587.93054,546.73627,626.75946,539.1505,588.22235,590.7543,628.8977,575.21155
303,0,611.414,426.12335,610.5279,422.02228,611.7606,422.07092,596.3648,423.44553,616.5589,424.453,584.29584,447.23517,623.5388,449.18576,571.29315,475.2183,633.4159,481.30142,562.1287,500.58484,639.7385,505.79822,589.0722,507.06335,616.5106,508.07025,591.186,550.15955,627.9168,548.5818,592.41125,591.81683,631.06824,585.2686
304,0,614.5587,424.31787,613.98224,420.59927,614.9444,420.49445,603.27905,422.6167,621.9635,422.52924,593.5095,444.1831,628.7295,445.0997,579.732,458.45108,641.03534,474.60825,593.32635,445.16275,647.2712,493.98926,601.58936,500.0642,625.6472,500.11414,601.4428,544.3922,633.58496,539.88,599.1032,585.9435,636.89417,579.9694
305,0,624.4813,424.41183,623.0987,420.99506,623.8627,420.45596,608.84814,423.46375,627.41614,423.1979,599.5688,445.44382,635.32385,446.5827,586.9271,462.00317,646.24634,474.42273,601.96313,462.74323,655.7157,491.84125,607.1258,502.3073,633.00195,502.0351,603.2356,542.667,644.4707,537.9503,595.5677,584.29565,645.0027,574.8457
305,1,812.03503,484.59937,812.7947,481.08698,810.5128,480.52057,810.23584,478.31854,802.06165,476.53052,802.4633,490.92914,783.8974,489.30865,800.86523,522.3918,770.38745,520.9628,808.5218,541.4334,783.14136,541.364,792.163,540.49146,777.21356,541.4424,810.8902,567.66425,777.2729,569.73773,812.4954,587.4388,763.4601,590.62146
306,0,633.86127,426.25635,632.1444,422.45856,633.7091,422.15274,615.42255,423.9607,636.2017,424.14346,604.4081,448.7275,644.3916,447.09778,597.18945,480.47922,654.71075,477.25513,597.7372,513.9895,661.0425,497.61475,610.34094,501.9107,640.1117,500.54755,605.72906,542.7571,651.6451,536.1242,600.45154,583.74054,654.23956,571.7015
307,0,640.2284,425.4363,638.2472,421.60074,639.46063,421.45667,621.48456,423.09653,640.37585,423.54373,610.432,448.22446,649.87933,446.8907,600.88885,480.25424,661.2966,476.8149,599.6613,510.64105,666.6602,494.48645,616.4955,500.78168,645.33307,499.73322,611.7935,537.5929,656.4491,532.0951,607.464,576.90106,657.3786,566.53503
308,0,641.65375,425.62958,640.0219,422.23517,640.76855,422.00137,624.48364,422.75317,641.5726,423.342,613.45624,443.15118,651.63745,442.59238,604.5921,470.71045,662.1959,470.42264,602.19574,485.56833,670.6742,485.74173,620.354,492.66632,648.35706,491.67194,615.0123,526.459,661.4258,522.5277,611.55383,566.39813,662.7463,557.1311
309,0,645.697,421.1545,645.70795,417.47647,645.068,417.66675,630.12885,418.7524,646.53815,419.54416,620.95575,438.11014,652.9721,439.43436,608.60254,465.32126,664.7195,466.7506,605.82635,480.62277,667.1394,482.94922,625.7799,486.23,648.52484,486.6153,620.3377,522.95154,655.3163,522.39276,617.5833,557.8983,661.3343,558.209
310,0,643.5964,418.27316,644.2758,414.54507,643.0215,414.5357,631.6156,415.292,647.99695,415.55194,622.7158,433.57468,655.8641,434.38977,610.813,459.6115,666.2876,461.2861,610.47064,476.6019,667.294,479.74844,630.1162,481.68243,652.58826,482.09137,630.42,519.8331,657.1085,519.4903,631.21246,555.6586,659.62115,555.6472
311,0,650.02673,411.69952,650.39886,407.84814,649.5551,407.98932,635.884,408.608,652.7127,409.29123,625.5867,427.7662,657.1172,428.84705,611.51404,456.92685,666.46313,457.76672,612.0559,470.1245,670.6071,471.45688,631.0225,479.40668,652.02094,480.12897,633.5178,519.5265,659.32825,519.4852,632.1941,556.19104,659.5372,556.65356
312,0,653.44037,409.93298,653.5441,405.99054,652.5807,406.21826,636.3961,406.88818,653.4516,407.648,625.0523,426.3066,657.1225,427.1824,613.49664,456.64377,666.8291,455.03046,615.7309,476.96808,672.6862,471.00208,630.3105,477.9023,652.6542,478.65646,629.3381,516.00665,660.2588,516.10223,628.7088,550.2136,665.01355,551.132
313,0,655.2117,411.09213,654.02905,407.6304,655.00494,407.5753,638.2269,407.69922,656.3477,408.65802,624.2862,426.25183,662.1399,428.31155,611.795,454.73834,669.6316,458.03967,612.75104,481.96497,676.6428,467.48334,628.09546,481.0163,655.59595,482.28378,624.8884,517.02014,667.25024,515.61707,626.3903,550.38403,673.2518,544.64636
314,0,658.46576,408.49506,656.9503,405.32394,658.18915,405.2962,639.939,405.85483,658.2414,406.9164,625.66986,425.5036,664.2153,428.4127,610.3649,452.51263,672.3337,458.89026,614.47815,477.23434,676.8113,470.29456,627.81006,480.98898,657.02783,482.36523,619.83075,514.62085,674.2788,512.3902,614.2541,551.8617,679.3127,545.30145
315,0,660.3552,412.23148,659.3432,408.54214,659.58264,408.30283,640.6408,408.78638,660.2388,409.9734,627.3308,428.20718,665.2869,432.06152,611.6181,451.64145,674.14014,463.61545,627.356,467.04733,679.64386,474.5907,631.6308,484.42923,662.1902,485.15195,618.6172,520.4022,679.688,516.13916,608.1389,552.48224,692.76544,541.9072
316,0,651.23145,417.55624,652.27765,414.2,652.75903,414.39542,643.8917,414.5819,662.5831,415.0994,629.7036,432.77966,670.82025,436.20633,613.95184,463.4176,679.67596,471.70444,618.9617,491.524,683.2664,501.97357,630.799,492.40967,664.11896,494.727,616.3677,533.4909,690.4676,536.01385,607.5043,568.6572,701.63855,565.5452
317,0,654.31165,420.71805,655.36334,416.75192,654.9553,416.85168,644.005,418.72336,664.8012,419.53748,633.43604,439.9434,671.71844,442.02637,620.1257,465.71173,680.7186,472.89603,626.6671,483.36426,681.99445,500.6681,640.2275,496.66486,665.25366,497.52734,642.1584,538.52185,668.03516,538.4106,646.9401,568.3374,667.33405,567.847
318,0,653.10364,429.44022,654.11664,425.1278,653.1869,425.51535,643.5996,426.33466,663.9637,427.5251,632.99866,447.6319,672.06744,450.03247,625.0291,473.43408,681.6796,478.06738,633.5271,489.49432,677.68274,495.57056,639.55756,503.83514,666.114,504.96838,637.4458,544.5581,666.38257,545.7194,641.6386,574.4447,665.2754,575.4029
319,0,822.57324,467.39148,822.98627,463.50003,822.6756,463.69342,808.7921,466.04517,826.82825,467.541,799.7634,485.36923,826.7791,489.80634,786.40796,503.76184,825.7575,516.1637,784.4448,521.14716,824.6975,542.47314,805.35486,532.375,821.75476,534.5296,810.1286,573.4748,819.87976,575.0426,820.33417,601.73456,823.45776,603.2019
319,1,653.3495,434.12448,653.31836,430.53522,653.1966,430.70847,642.3752,431.44525,661.02203,431.86658,630.4527,450.2037,668.93726,451.34384,622.11053,475.16077,678.8037,476.29413,631.6724,484.73053,675.068,481.46472,637.1954,504.82336,663.7589,505.8153,634.32214,542.7272,669.3008,544.37213,633.40485,573.1665,667.4752,574.66235
319,2,653.1404,433.85205,653.38257,430.3536,653.2058,430.2415,642.397,431.70837,661.71045,431.43903,631.5309,450.5891,669.4516,450.8379,622.2824,474.8886,676.8949,475.77963,632.44476,483.0161,672.05804,482.0193,637.5668,505.24084,663.59106,505.68787,638.124,543.1682,667.65436,543.9578,639.19385,570.02637,666.38,570.8634
320,0,807.0203,463.73987,807.94965,459.9666,808.7791,460.44925,803.2836,461.7049,819.5688,462.3758,793.33777,479.9228,822.88043,485.65765,769.4053,497.00812,819.03845,513.5068,781.8453,525.7428,809.9645,537.59735,797.76953,531.07697,818.90466,533.2371,791.6937,569.6548,818.78986,572.4144,790.202,609.10376,822.5607,609.34357
320,1,649.1445,433.9354,650.16614,430.34787,648.73126,430.0614,638.26086,432.23135,655.94965,432.0064,628.71844,452.49796,664.82196,453.47964,615.75604,477.44638,672.5906,484.23328,618.5487,487.40225,671.43,504.3803,635.8349,507.11298,659.9325,507.4616,637.6837,548.98083,665.0914,548.4228,640.61194,577.6559,666.16113,576.97107
321,0,797.56085,456.48898,798.095,452.27625,800.0259,452.9152,793.14453,453.74423,813.26514,454.5313,783.5531,473.76886,816.7266,479.60135,763.4032,492.87634,816.17053,510.01135,772.3188,521.5168,807.099,539.1299,786.7976,523.8525,811.25446,526.1711,782.99475,568.0634,816.6632,570.715,778.6191,616.6206,823.84436,614.04895
321,1,633.37994,435.26154,635.056,431.51068,634.83795,431.7502,630.27234,433.3357,649.5028,433.54968,620.7143,453.9886,657.36053,454.0545,610.1736,486.4673,667.29364,484.0805,608.9355,513.30145,668.4566,508.1446,627.74945,509.75452,653.15753,510.16785,624.5163,551.7008,661.46606,552.087,626.1098,577.78894,667.6453,577.7186
322,0,798.9347,455.17706,797.9105,451.05807,800.3397,451.4107,786.14685,452.2872,807.49615,453.73203,776.461,473.11856,812.3482,478.8578,757.7419,493.23627,815.14905,510.74414,764.9678,519.02435,812.31635,543.46674,777.4035,528.69415,802.5146,530.89874,775.5073,573.5541,804.542,573.0557,773.25757,620.4835,805.59753,617.63654
323,0,791.766,450.0012,791.80304,445.62112,793.32446,446.22275,782.18494,447.82648,802.496,449.059,770.2043,471.49268,807.7325,475.55618,751.0579,492.58075,813.2515,503.54675,758.374,516.258,806.90796,521.61774,771.866,528.3447,797.1521,529.75616,771.1596,571.3089,796.6984,572.1006,771.2993,615.67426,795.66406,612.9927
323,1,792.90137,449.77484,793.3733,445.86914,793.6943,446.33936,781.98016,448.42105,801.8375,450.1283,770.561,471.4155,807.3822,474.7296,755.40424,495.015,812.33765,501.87262,758.3504,512.1255,808.4878,521.5716,773.0046,528.886,797.1263,530.096,770.5036,568.2832,796.3013,569.41016,776.7601,597.8407,793.7825,599.38104
324,0,780.6469,451.8995,780.68506,447.62286,782.7624,448.25638,774.4435,448.89374,795.5367,449.56848,763.04517,472.52106,804.42255,475.02747,745.6398,497.13568,811.9909,505.94116,753.0878,517.61584,807.5039,532.301,767.29297,530.99475,794.6056,531.9712,771.5696,572.7438,796.31415,573.1688,775.5699,616.81287,793.43677,613.1844
324,1,602.76855,431.59027,604.11127,428.34106,605.39966,428.2314,604.1828,430.0019,621.03375,429.3889,598.5181,449.87662,629.78894,449.73285,585.9333,476.43555,635.49445,479.04056,583.2956,487.4184,635.08136,495.67346,604.69684,500.88672,625.98016,500.4527,597.6653,528.2301,626.20514,527.6626,600.2781,550.66455,627.50665,550.29486
325,0,775.36945,452.45282,774.8476,448.24643,777.16846,448.5745,767.2031,449.53046,788.9877,449.67923,756.3794,473.16196,799.0647,475.1183,740.9883,499.82184,811.89856,506.64435,749.39246,525.02747,813.3862,529.94977,763.5667,532.12897,790.58777,533.06036,772.9521,571.9449,792.1842,573.22186,778.7434,617.10785,787.14716,616.95386
326,0,766.25433,453.99573,765.90753,449.86285,768.301,450.12613,758.8648,451.31958,780.60004,451.04706,748.3235,475.21912,791.65094,475.5782,735.23303,502.30426,809.1851,504.63574,740.61633,522.1656,815.73267,527.93036,754.7585,534.9001,782.58374,535.6258,759.0773,572.95325,784.7607,574.094,760.70074,617.1217,779.14355,617.2373
326,1,585.9667,429.60626,587.0519,425.60165,587.6331,425.46777,588.8956,426.4118,603.3716,424.51624,589.5933,446.40854,613.3122,443.98083,582.05566,472.4969,616.5079,470.51547,576.37384,483.29877,604.03894,483.92746,604.02716,496.11902,621.35675,494.849,600.70874,531.9587,625.4941,531.2502,604.9143,563.6743,634.56903,559.53326
327,0,577.39514,430.69952,578.383,426.92175,578.7445,426.7211,579.91284,427.65216,592.4164,425.76352,584.27124,444.5924,603.16565,443.354,584.81824,472.54504,605.5425,470.97632,574.8607,490.83527,588.08215,486.65524,600.5848,493.03674,615.0804,492.68042,595.8043,530.28613,617.3906,530.71313,602.4226,562.94183,623.8741,563.5466
327,1,752.11835,456.05872,753.1533,452.38446,755.1482,452.47147,751.686,454.23566,770.55853,453.94156,744.2123,475.54272,781.2231,476.00525,729.98004,499.7876,802.30066,501.39868,723.27783,515.43567,813.3065,517.98627,750.75684,533.11176,773.72253,533.0637,748.18506,569.63995,777.32825,569.4075,748.5263,606.2236,776.5598,606.0594
328,0,565.33167,432.4347,565.8896,429.3662,566.0287,429.18686,569.7744,429.61523,578.42755,428.32855,579.37006,445.10217,590.6839,442.37805,583.9385,472.91946,593.1532,468.60147,575.52075,494.74957,580.50854,489.68604,600.922,491.9312,608.01385,490.3781,591.4005,526.64844,595.9102,524.7199,600.01483,561.724,600.40027,557.9726
328,1,745.0051,455.6549,745.8334,451.56775,747.3995,451.87936,742.194,453.46585,762.49915,452.69934,735.6652,474.38196,774.53033,474.33426,727.16284,502.8285,790.7907,499.02045,723.7247,523.3576,797.522,520.1307,739.431,532.14154,767.13745,532.38245,725.5944,566.08105,767.7899,572.52356,714.2727,604.088,763.5471,615.65576
328,2,743.44025,455.43436,744.83453,451.4098,745.7883,451.5518,743.7828,453.23352,763.18243,452.8786,735.8715,475.18533,773.7228,474.34225,725.5226,504.79858,790.9249,501.29572,725.0796,526.22754,795.48425,519.166,741.22955,532.4951,767.1094,531.9698,732.097,571.0451,770.0535,570.8264,727.07214,609.495,768.45935,608.88477
329,0,554.4134,435.77304,555.0371,432.66306,555.4128,432.7006,560.9817,432.41702,567.3616,431.73993,573.7779,447.2495,580.5759,445.8582,577.84204,474.32373,580.3431,472.99078,564.26636,490.03424,566.4392,488.39215,599.9129,496.98688,604.02856,495.6303,582.69165,529.46985,586.3461,527.6349,592.373,567.6344,594.5628,564.0592
329,1,732.21924,455.58875,733.4692,451.97842,734.16125,451.5596,733.13446,453.97424,752.84186,452.37573,726.1123,474.5053,767.24005,472.78436,715.52606,495.27808,785.16864,497.04822,721.00854,494.41583,784.78314,504.84283,733.9416,532.79504,762.01184,531.71063,726.71454,576.43396,766.3239,575.2565,722.3765,615.79456,763.94305,613.5795
330,0,546.80133,437.50217,546.99524,433.7688,548.70374,433.4947,549.5086,434.73642,562.2036,433.22678,566.1822,449.3802,569.2993,450.1654,581.4125,471.979,576.6648,477.32733,567.77045,492.22955,563.3944,493.10547,589.99744,496.98358,593.0256,496.79932,573.12177,529.0919,581.00433,528.99243,580.22925,571.89233,593.3313,571.3094
330,1,727.62354,449.41165,728.05853,445.318,729.45215,445.52917,722.5414,446.66614,742.2435,446.04205,717.3738,468.388,756.76855,468.46616,709.5326,497.2835,771.54065,492.7071,690.7863,508.61505,768.3075,504.32513,721.88434,525.2713,750.43774,525.9867,708.8721,562.09344,756.87103,568.5462,705.55237,602.757,758.75433,616.11676
330,2,726.9792,449.20697,727.3569,445.44724,728.8304,445.4684,721.90247,447.40753,743.69415,446.72333,716.10767,469.5288,756.4962,468.0511,704.00977,500.1327,774.32056,496.0072,693.638,508.2815,769.61554,502.9676,721.8299,526.54767,750.166,525.2416,710.3212,570.08496,754.10126,568.6038,706.0058,613.3707,758.72485,611.8486
331,0,540.7085,451.57785,540.9463,447.7163,541.1395,448.18134,546.5995,444.96518,552.7104,445.4692,565.1257,456.7467,560.84784,459.97375,575.94775,477.8998,563.52734,485.1223,555.9546,487.76562,549.46375,492.11084,586.0881,503.84528,584.94,504.97668,562.3945,531.0871,574.5583,535.8402,572.5997,571.0493,594.36237,572.15625
331,1,713.92395,444.37183,714.9998,440.5948,716.6991,440.78177,712.1745,442.52228,732.9261,441.49222,707.73895,464.14948,746.5088,462.64633,700.19495,492.3642,762.88617,485.11853,690.68915,505.66425,761.16394,499.0351,711.8634,519.6386,740.81744,519.32086,700.3263,556.1121,751.93896,559.80084,698.2672,598.8098,759.3211,606.2411
331,2,712.5895,444.29266,713.5984,440.42123,714.4793,440.32635,712.7669,442.3062,732.9068,441.08667,707.491,464.0293,745.97174,461.24637,697.75964,494.8994,762.69104,488.33862,691.6501,506.2176,758.8227,498.3604,713.30884,519.67035,741.0211,518.07806,702.2268,558.39325,748.11786,556.87885,694.8039,595.88403,752.0226,593.8323
332,0,531.7347,453.41266,531.8279,449.8616,533.23035,449.72253,535.3741,449.05643,545.2829,448.2046,554.7351,460.92566,551.9672,463.9358,570.37494,480.49576,556.52985,488.43933,550.18463,488.4082,541.47736,492.1253,578.5412,506.01978,576.3459,507.28473,566.9297,536.8932,563.098,539.8983,593.2239,571.7242,585.63477,572.72797
332,1,707.2227,441.35373,707.8435,437.41095,708.4551,437.50732,704.73755,438.50467,722.3398,438.0535,700.4017,460.3364,736.02905,460.79895,693.1949,487.4137,750.3729,492.3451,689.68274,501.88635,756.6539,517.12646,705.15826,518.9438,732.57715,518.77924,695.6762,557.2374,747.47003,557.3511,695.6439,599.53107,761.9144,599.29236
332,2,704.75104,441.23547,705.4976,437.61716,707.0555,437.15656,703.8155,439.4909,724.0405,437.90344,700.54584,460.88544,738.25037,460.35992,692.80273,486.71854,753.897,493.8189,690.2062,496.95807,754.4268,516.5628,705.9726,518.4203,732.8545,517.2924,696.7784,555.1652,738.18945,553.44794,692.9352,589.23895,743.30817,587.1437
333,0,694.3394,441.49368,695.13727,437.29016,696.41095,437.3521,693.4831,437.7666,713.2015,436.7386,689.91614,458.19827,725.57184,459.20316,679.4026,486.83777,738.11255,488.77026,669.4807,505.92633,743.797,513.34,694.10406,513.1028,721.87415,514.092,680.9622,543.16235,737.09576,552.32306,675.8991,578.8515,754.96454,594.01575
333,1,518.1112,464.1213,518.32104,460.21106,519.36456,459.55844,523.44836,458.3166,536.00085,455.16928,540.9193,469.75552,548.327,467.99152,542.7163,494.60803,546.3982,496.41766,519.4612,504.21124,522.47034,505.74347,573.8335,512.50616,581.01575,510.97955,551.20447,545.2501,567.4012,541.9689,560.1952,579.64105,587.89636,576.0702
334,0,685.4065,442.2414,687.2716,438.26685,687.86176,438.34882,686.79,439.72906,703.0775,438.83252,682.0939,457.49457,714.8839,460.51035,669.7899,485.22324,725.5314,491.76428,665.749,495.4032,725.12054,520.59973,687.47644,509.80334,713.19574,512.2275,675.1085,540.8011,726.22864,550.32263,676.6316,578.17615,744.0608,599.37604
335,0,675.28235,437.77496,676.8163,433.4541,677.5777,433.5628,676.7678,434.74188,693.90967,433.61557,671.67444,456.22147,707.349,455.62808,663.5902,485.46143,715.9179,486.5378,656.863,503.69,711.4736,507.48877,678.87885,510.46008,705.03735,510.1225,680.01086,552.6089,717.6408,551.2767,689.14276,595.4088,731.1219,597.593
336,0,667.49585,435.27838,668.89996,431.41763,670.59155,431.8043,669.5361,432.75958,686.7584,432.11316,664.421,451.31067,701.6429,453.08627,656.38055,481.62924,709.04224,476.7964,648.6923,500.61597,709.9682,497.30902,672.43115,503.5323,698.58777,506.60077,665.5483,528.11194,705.0327,543.02893,673.483,562.7062,708.72205,591.92773
337,0,660.3586,424.93204,661.55334,421.1937,662.6732,420.76962,661.3044,423.72693,680.702,421.69296,658.267,446.5766,693.28326,443.70062,650.9207,477.30493,702.4969,473.99005,646.96155,495.0539,697.27216,494.3778,667.91516,499.38464,691.8199,497.8338,663.75745,532.5115,692.2907,530.88007,668.00916,561.1678,695.42145,559.3434
337,1,515.96906,503.46045,519.2189,499.13214,512.6092,500.06348,526.1306,498.14984,508.92868,500.8567,535.74744,511.6817,508.9153,515.6817,536.1094,531.3648,499.9035,535.9091,513.19086,535.7243,501.09647,534.76373,537.2074,555.0598,517.7518,555.64264,520.6716,554.19165,493.34848,555.1528,522.24744,577.62726,496.18518,578.9764
338,0,653.50256,421.7177,654.4561,417.87308,655.9609,417.5276,658.05646,418.9177,675.5659,416.90903,655.04987,440.39572,689.3669,437.02228,647.94867,470.00507,699.2109,463.87543,644.06885,487.1374,691.0667,478.7443,663.0378,494.68097,685.815,493.14465,661.8514,528.19556,685.8802,527.4566,667.4775,552.8795,686.205,551.62146
339,0,647.4459,414.56158,649.0081,410.74942,649.3269,410.28635,654.0712,412.11523,669.3662,410.09747,652.1792,433.30185,684.2951,430.857,649.09595,460.26495,694.3537,458.7516,649.8994,475.37988,685.5719,474.47125,658.4584,485.01022,680.54596,483.79135,657.50946,522.42303,680.60864,522.10626,662.5293,555.13916,681.4612,554.07196
339,1,477.19736,496.44556,478.5512,491.77612,475.31583,493.01642,488.1099,487.92932,479.487,491.14612,509.02963,501.06598,489.72357,503.94568,521.8889,528.81354,491.09433,531.495,510.8669,551.30023,486.39697,548.06134,523.72723,545.97577,510.2781,545.84064,506.05795,566.6459,490.02496,565.5963,508.6409,605.9898,496.27682,603.6911
340,0,648.718,411.12567,649.84924,406.93982,649.93835,406.61636,647.22833,408.3708,666.1795,407.05,643.6976,430.0216,678.0012,427.53824,638.0592,461.9499,690.1793,456.702,633.2255,482.4874,682.63776,475.9925,651.3366,483.01666,674.0687,481.88727,654.50995,525.02155,675.60016,523.874,663.1611,566.26776,680.08093,564.54846
341,0,642.37646,404.75784,643.75354,400.6509,643.8366,400.4012,642.37177,403.3296,661.7668,402.00842,638.74646,426.72662,674.2916,424.32916,634.1604,458.39038,684.83734,453.43707,631.8446,480.19534,675.14526,473.39667,645.79584,480.64062,670.0009,479.41415,646.1138,521.16486,670.72736,520.2594,651.745,561.46216,673.0503,560.10547
342,0,636.6174,403.30933,638.06274,399.47205,638.3882,399.14676,640.19226,401.6607,657.56165,400.16306,636.26514,422.90396,669.8977,420.7795,632.12415,451.45282,680.6727,449.4432,635.2552,470.1944,674.64215,469.06082,641.55566,475.70724,665.0287,474.65497,637.78107,511.8039,665.71075,511.40405,640.2779,548.9136,667.25024,547.4904
343,0,631.84296,401.7264,633.1121,397.91217,633.1518,397.631,632.3276,400.8461,650.49115,399.28076,627.7749,423.616,663.0174,420.89062,622.52765,450.8056,674.08026,446.42056,625.18085,469.8919,668.02405,465.3008,635.8207,473.34406,660.1111,472.03912,630.4785,506.7425,660.0519,505.81683,632.27356,539.143,660.68475,537.62146
344,0,628.3682,403.0852,629.95795,398.97144,629.84094,399.0541,629.255,401.8654,647.17395,401.5745,625.54694,424.58368,658.3513,424.31,621.56323,456.6821,670.3251,455.38196,618.3132,482.7258,665.16766,477.90237,628.6867,478.4637,652.58875,477.93594,621.40625,514.0008,656.554,513.90936,618.6832,549.4022,661.26575,549.0983
345,0,623.507,406.6199,624.35126,403.01486,626.0327,403.24094,623.5889,404.61664,641.4206,403.75674,619.1777,425.59546,654.63416,425.64578,611.54144,455.7836,666.44775,454.7855,609.32935,482.74396,661.372,478.73282,621.4489,478.5369,648.88544,478.16815,604.2631,508.91327,655.8101,510.96613,592.42957,545.3052,657.3027,547.88684
345,1,486.871,466.48648,487.54352,463.40442,487.32758,462.46338,489.66248,463.8413,499.4738,459.8073,496.50586,485.25992,512.4003,467.99023,503.63358,510.62463,534.6078,448.48148,497.04645,535.6179,540.2004,427.2587,510.96985,524.513,525.7685,518.6585,497.799,559.40857,541.62195,552.3568,494.88324,603.9047,567.40894,583.0412
346,0,492.33005,445.0928,493.13474,442.662,493.65042,441.9427,493.1822,447.4443,506.97128,443.9358,497.27917,475.94678,518.1782,458.85123,501.38876,500.85956,536.2469,437.89233,502.10303,529.89404,542.1642,417.2009,511.29034,523.9252,529.583,517.8277,494.68146,555.9619,545.02203,554.46295,495.5077,599.4602,572.9568,587.1428
346,1,619.1594,412.01508,620.46454,408.1974,620.689,408.33707,619.1678,409.9695,637.4663,409.89246,613.60645,431.4359,650.10266,431.08136,606.75604,462.2596,663.62946,460.85516,602.5124,485.8329,656.07074,483.46133,617.9425,485.2648,644.2081,484.50714,604.24365,520.6561,644.9733,520.30634,601.80585,552.8663,649.2403,552.19934
346,2,619.8994,411.12457,620.65015,407.25662,622.2118,407.60397,618.4583,409.08044,637.24524,408.66898,613.2461,432.24823,650.84766,431.72324,603.5079,461.77167,663.192,459.93353,598.491,488.3051,656.4939,482.83725,617.2159,486.48257,645.3462,485.6211,601.9699,522.82776,650.4468,522.32733,598.3836,559.9607,654.7547,556.6346
347,0,619.2599,420.96384,619.54266,417.05383,619.56506,417.05307,612.4052,419.0119,632.9848,418.29248,605.073,441.88828,646.1964,439.08426,597.96893,475.3367,658.98224,467.07327,595.39246,502.12677,648.61536,489.91504,611.33325,497.35242,639.7111,495.90546,605.46063,531.9672,641.2285,530.7017,606.24347,555.3157,642.0608,553.57465
347,1,496.21857,448.5077,498.04102,444.43622,498.832,444.29984,499.05997,447.79318,514.3682,445.97284,498.6275,473.1499,521.5335,470.77856,498.39066,506.08075,530.686,502.43152,493.59137,534.64624,532.4874,525.56085,507.6984,527.46643,528.5142,526.4025,497.5466,560.21497,547.6487,557.00323,497.548,602.30255,572.18286,589.1265
348,0,610.3987,427.3057,610.91943,423.88403,611.4952,423.58395,606.76636,424.59048,623.6636,423.0549,602.69165,444.0409,635.43164,441.71933,590.67694,469.14874,649.0657,463.09082,583.93536,489.2268,645.47797,480.75116,607.299,492.22296,633.58966,491.0923,589.4459,513.1674,645.3324,515.6234,576.2774,542.59766,657.40875,547.04816
348,1,513.16394,443.51025,514.3641,439.22977,514.07294,438.82513,506.78113,441.14673,520.1295,440.27042,503.59235,465.62082,517.18866,463.7532,504.7363,499.23553,516.3474,497.19885,499.59113,529.1865,512.8116,523.45605,504.67377,521.172,519.2977,520.38336,498.1927,560.10754,538.6363,555.44324,493.70547,602.1245,558.613,590.2326
349,0,505.65756,438.2168,508.15408,434.05344,509.3369,434.18127,512.1952,438.18835,527.49603,436.43405,508.72318,463.8966,535.9285,461.35153,503.73355,497.13556,544.72577,492.01642,495.6912,525.88654,542.0066,509.22607,513.47723,518.71545,535.5389,517.05756,502.72342,555.2286,549.2125,550.8568,494.9045,603.5142,558.8313,588.15405
349,1,596.6971,424.3045,597.61554,420.8535,598.3094,420.8047,594.7533,421.26138,612.4655,420.59888,589.1444,443.57037,626.40454,441.33533,582.6796,470.7753,641.17725,466.67188,572.2922,488.6725,633.90454,486.65,594.94073,496.36768,624.4602,494.36737,570.2043,516.33276,638.5633,516.30084,565.3582,553.49475,659.8749,547.6968
349,2,595.376,423.4428,595.22473,420.08237,597.8894,420.17297,594.5467,422.51895,614.6025,421.79205,589.32745,443.89932,628.4898,442.72604,581.2408,473.4025,640.72205,471.6102,577.0925,487.94305,631.1017,485.64352,596.60974,499.20984,624.4426,497.94208,575.8541,515.71387,620.1198,515.156,572.47186,542.0928,623.7199,540.94824
350,0,509.03818,435.71143,511.90387,431.313,512.6245,431.67435,518.925,434.61972,531.6964,433.1212,514.8298,460.43747,542.23566,458.3306,507.64023,493.9489,547.8036,490.0639,499.80045,524.1005,542.93384,511.37506,519.39453,519.4792,540.9232,517.74084,508.0896,556.2704,549.0485,554.31384,499.5418,601.5032,553.6375,589.4888
350,1,585.147,423.62112,585.29926,420.16904,587.1182,420.1727,583.4649,422.8973,603.6847,421.75705,578.83295,444.42557,616.149,442.1168,573.8444,472.493,628.74713,468.24646,573.4854,487.25995,623.13916,482.93924,586.80054,496.61646,612.8196,495.1206,573.0146,524.04297,612.3505,522.92004,569.5885,545.5764,613.1503,543.89233
350,2,588.0165,423.48553,588.668,420.21353,589.51276,419.82297,583.5939,420.85754,602.73126,419.73016,577.8609,442.76367,614.0362,438.4852,573.4908,467.48856,628.9765,460.6585,569.24994,483.20233,623.67316,482.4867,583.47504,493.1485,612.00354,490.25525,563.33136,521.43494,627.50195,518.21344,561.4798,556.69086,655.0739,548.04584
351,0,513.8702,435.37857,515.73175,431.26736,517.59705,432.03607,521.95,433.38785,536.8121,432.94882,520.8008,453.1925,547.2239,453.30487,510.20984,478.80856,551.7782,479.32285,496.21506,498.80756,546.01874,493.89038,526.9391,508.08307,547.0806,507.25513,513.2465,546.3615,551.7608,545.5629,505.55225,594.26587,557.2795,585.8372
351,1,574.9963,423.6873,576.0379,420.176,574.97656,419.84705,574.208,422.8362,590.8445,421.22803,568.23193,443.50156,605.60486,439.98486,565.75336,469.69092,619.27795,462.9058,569.9563,485.08203,607.0548,478.45923,575.30237,494.72668,604.3308,493.3048,563.70734,518.34827,615.28174,517.22925,561.8686,550.10754,627.2957,547.8582
351,2,575.3542,423.49704,576.21985,420.2257,576.49817,420.1076,573.241,421.4652,591.00635,420.661,568.7787,443.96368,604.23224,440.09827,563.5427,467.9292,619.4409,463.25342,565.2485,481.0512,607.5157,479.54874,575.8402,497.3092,604.28906,494.1256,561.0179,524.35443,624.4225,517.14246,557.5799,560.48975,645.8643,541.86816
352,0,560.5203,423.61893,561.186,420.06473,562.78754,419.7406,562.3669,421.80914,581.55316,419.76456,559.6647,442.98718,595.6416,439.89255,558.3489,473.20844,605.57855,469.1438,561.7658,493.08868,598.7662,488.9057,568.7128,499.69342,593.92505,498.0323,563.4825,538.3804,594.9464,537.09784,565.2618,565.0512,594.3179,563.2782
352,1,526.7911,430.39993,528.12726,426.17157,529.8063,426.92136,529.2244,428.2752,545.1088,428.0853,526.5427,448.89838,552.265,448.49442,514.9011,475.85965,554.57587,473.83856,499.5179,490.7621,542.7217,488.03033,531.12494,505.42328,548.8109,504.67035,520.8738,546.13934,545.9665,546.29297,516.40967,592.84326,542.19,588.8402
353,0,527.6396,425.081,529.7686,420.59625,531.359,421.15237,534.9256,423.18906,548.3187,421.83893,530.0863,447.88562,558.06915,441.3087,513.3104,474.79724,563.9996,441.82156,501.3523,491.8615,560.7265,415.89526,536.81525,502.97485,554.11597,500.8833,532.65576,546.575,551.5067,548.112,532.86835,594.1722,549.7329,588.69714
354,0,533.1299,417.82678,534.5703,414.0074,536.7747,414.162,536.1571,418.21426,552.36084,416.954,531.98596,441.57758,559.89685,440.6889,519.5161,472.15897,569.72754,472.35492,506.757,487.09314,574.3931,498.508,541.283,499.8424,557.1429,499.56512,543.223,544.1322,549.0424,544.4477,551.40436,590.07227,550.379,585.62976
354,1,531.6025,418.24323,532.5341,414.80585,534.4458,414.45334,535.2396,418.78268,552.56885,416.40906,532.5883,442.62286,562.12317,439.2956,517.27734,469.91898,573.1389,471.71933,507.89258,489.80664,575.3512,497.92487,542.52264,501.79108,559.39136,499.38037,541.3634,543.04803,554.83777,540.05853,553.69507,586.08057,559.8154,577.76855
355,0,525.3416,417.98212,527.48236,414.43396,529.67017,413.82367,532.5948,418.45505,552.45703,416.1537,531.98724,442.80087,562.91266,441.35217,520.1662,472.33594,569.8207,476.6717,513.3371,485.58087,570.933,500.74182,540.00726,504.58905,560.5829,503.46588,541.05743,554.11414,564.122,552.6249,542.94147,592.23346,566.81616,590.1287
356,0,522.254,420.88022,523.0488,417.18976,525.61304,417.57898,528.52875,419.0337,546.11285,417.07684,531.7788,440.0212,562.3338,427.65744,521.16626,466.12613,580.94226,415.7331,510.23706,479.76294,579.492,403.13113,544.7697,495.08063,562.7458,490.8496,547.2572,541.76355,562.82733,541.251,560.69293,583.47253,569.7983,584.2412
357,0,541.24756,414.9119,542.6363,412.06555,543.86194,411.98492,544.1061,415.55795,557.5279,413.71118,538.6134,438.6549,569.48395,428.91986,525.5438,460.14114,585.99347,420.27884,521.47723,474.50186,586.5252,406.29654,546.4449,488.69214,565.54694,485.65268,538.6282,530.766,563.34106,538.80566,549.5809,576.3509,571.372,583.04407
359,0,547.69275,420.50943,548.87274,416.94983,548.5213,417.02292,549.4545,421.4639,564.7142,418.7518,546.72797,445.68692,574.07666,434.7701,541.8081,473.86563,590.7854,432.87408,532.5611,491.66492,587.89087,413.73636,557.16565,493.95966,574.01324,490.0916,555.4931,530.5236,572.4838,527.81165,560.59155,552.964,577.36206,550.9359
360,0,551.35516,424.97095,552.44104,421.60193,552.79626,421.0557,552.7625,425.1346,562.6507,422.8314,554.2547,450.60336,570.66675,442.2578,550.41376,470.20224,593.33453,441.3054,538.3793,487.73126,598.4194,422.4656,564.689,498.6792,572.4387,495.17535,571.821,539.06274,571.1368,534.6386,583.0148,581.5312,580.84406,570.00854
360,1,483.7677,433.97446,483.61017,430.3374,485.06903,430.44727,487.08777,430.92648,497.72107,430.25922,499.67828,449.90286,507.69482,446.80664,510.85858,479.9412,509.39655,471.52588,502.3795,503.0708,496.89282,485.23978,512.74243,498.5384,517.96063,496.2738,497.5444,532.5309,500.70197,530.2261,505.55368,567.6997,506.71808,563.8424
361,0,562.24713,427.0303,561.6586,423.8029,562.80396,423.5057,553.8626,426.66525,570.4146,425.4184,546.8833,452.94922,581.91266,443.89447,540.9843,478.76404,605.5288,442.1061,543.1499,503.46588,599.34924,423.7466,558.8578,504.89447,580.4953,501.693,567.3588,545.43884,587.06683,546.2259,571.8099,590.01666,587.5084,587.3782
361,1,472.2292,444.27972,472.39316,440.52652,472.79282,440.76294,477.14465,439.78687,483.1569,439.85114,493.409,455.5581,493.33676,454.34656,513.9886,484.55554,496.35724,480.33698,513.0362,511.6872,483.57996,497.21472,508.25186,497.93036,508.8674,496.537,491.0896,537.9886,492.23508,536.43616,502.4022,578.8418,503.2838,575.85815
362,0,564.39056,430.2673,566.8193,426.5248,562.5729,426.47253,570.40393,427.88815,562.9408,428.19824,580.9671,443.81747,557.8865,450.06677,607.88574,448.63354,544.76733,476.68924,598.41516,433.9296,540.47375,504.60565,581.5387,499.63153,567.92,502.0791,581.66437,542.282,567.5646,544.6049,585.9397,586.5918,574.6114,586.8969
362,1,465.84933,450.93152,466.0698,446.4846,466.14487,446.75595,473.24878,443.51733,477.05692,443.45743,490.5683,459.68414,483.8344,459.55173,509.7702,484.64,483.34476,484.18002,515.3225,510.5719,474.42133,500.42206,498.48904,505.7036,495.61984,504.8521,488.0424,540.76953,486.66916,541.34973,490.98486,583.1089,493.3832,581.5679
363,0,560.1095,424.95767,561.01544,421.31335,561.595,421.44092,558.2713,422.66077,574.7684,421.49054,553.5202,444.39954,588.6611,438.80823,549.5902,474.2485,608.7137,450.18835,547.1561,499.0558,593.07434,438.80484,564.0786,497.3636,588.6179,495.34186,558.88586,537.6187,592.2633,532.16,564.6125,584.22534,597.2213,569.87335
363,1,452.99286,452.90906,453.63782,448.4858,453.68613,448.77762,459.96878,447.8442,466.07196,447.46097,476.52078,464.62265,474.4125,465.50067,492.02362,491.0636,474.8588,494.0927,488.53583,513.8121,462.5785,511.8067,492.30878,511.81476,492.4738,511.5196,480.1457,545.96796,484.20566,545.6594,484.28854,589.41235,490.6831,587.7272
364,0,557.55493,422.76852,558.38477,418.7294,558.927,418.88577,558.11444,419.5115,574.88495,417.95676,554.5515,441.75522,588.6626,433.6367,550.43524,471.85788,609.9258,452.47687,548.30194,496.53986,596.79425,453.01596,568.15204,496.31598,590.50934,491.44067,568.7016,539.77936,594.52936,526.93097,579.6965,588.37384,600.1991,560.9209
365,0,553.5174,421.20068,554.5039,417.30774,555.59503,416.84964,559.0989,417.45038,574.5058,414.2,556.48334,438.65988,590.80115,429.21057,553.5687,468.73926,610.3528,453.66177,550.8866,498.05847,603.9713,471.113,571.08075,492.52405,593.33215,486.87003,573.7864,539.17737,595.62445,527.3141,584.8561,591.8134,598.9305,564.0143
366,0,551.2335,420.162,552.8946,416.49188,553.90497,416.38757,560.17346,415.80203,573.4616,413.45407,558.9582,433.77155,593.7031,428.7801,555.6441,465.67032,609.07745,455.15707,548.7969,494.41394,603.8575,472.59372,569.9846,486.31256,595.6077,483.6655,559.8905,524.7209,599.5741,520.4487,565.4444,570.759,607.8783,557.7238
367,0,553.048,416.73764,554.59705,412.9315,554.9663,412.36255,561.96497,412.7817,573.1862,409.56924,561.18024,431.9475,592.68274,425.28125,555.69727,463.56427,608.2974,452.149,549.51434,492.39923,604.71356,471.2275,574.79144,482.3214,596.37744,479.00897,574.87177,525.5783,601.07666,519.7473,583.6249,569.82117,606.4222,553.9191
368,0,551.4649,416.07907,552.7076,412.14627,553.24634,411.7367,560.2988,411.73145,572.16534,408.60965,560.4933,429.3378,591.1883,422.47623,557.18866,459.53644,608.0264,448.55426,547.6378,486.50684,604.07324,469.9858,577.7766,482.07657,598.3422,478.2741,577.46643,531.83215,602.0283,526.3963,584.51843,580.1077,605.89813,567.24457
368,1,421.93655,487.31348,423.91977,481.93988,417.75967,484.50488,432.3895,479.74426,417.58368,486.88583,451.93564,492.69025,427.686,502.55164,471.76547,515.2455,438.35184,529.5345,467.93716,545.2399,441.12018,555.3378,475.69043,520.2414,457.70544,524.29865,475.3808,551.05365,450.09363,554.55145,488.6529,567.24756,462.7783,569.4839
369,0,552.1524,413.1393,553.6163,409.41367,553.88776,408.91687,560.6765,409.17764,572.20667,405.98477,559.8146,428.02344,591.50793,420.2596,557.11,461.25793,605.68097,447.22775,551.03265,492.22754,604.3103,470.7417,576.9542,480.55362,598.42334,476.61578,579.49945,523.7268,603.68304,517.8849,589.70264,563.71814,607.1747,552.398
370,0,551.63635,411.0136,553.30524,407.67706,553.4179,407.23218,560.7045,407.04456,570.8848,404.1151,560.3561,424.61398,589.7676,418.08292,557.8085,458.0379,604.6853,443.61145,553.16547,490.38257,604.47974,469.39835,579.5932,479.48853,598.8156,476.76865,584.43665,523.6905,602.57776,519.05585,599.6971,560.62103,607.9558,553.8656
371,0,553.5773,409.37814,554.7117,405.43433,555.0808,405.26114,560.85046,404.8023,572.6052,402.49554,560.7358,423.0982,589.86554,417.4398,557.2493,456.3479,604.7855,445.75073,552.6386,490.33112,607.1931,466.63425,578.03625,477.50375,597.593,474.50558,577.0428,520.7278,599.2618,516.4197,587.6065,559.72864,605.60504,547.79205
371,1,400.3557,501.74585,400.95038,496.46423,396.93097,498.5465,408.7144,492.79218,399.25037,498.32855,430.37753,501.8567,413.22934,510.19293,453.408,520.46216,422.82605,535.3551,451.42636,546.1825,423.34027,557.49945,460.14862,534.1389,447.9595,537.6464,449.61353,572.1324,440.79358,574.9558,456.6565,607.86053,450.36902,608.5049
372,0,551.0099,406.159,552.0846,402.10892,552.9158,401.81412,558.1845,401.8771,571.3152,399.2826,560.0157,420.1638,586.8024,415.70578,556.3086,447.5006,603.22504,441.7349,548.8048,465.53073,606.17725,461.12512,575.68353,474.8668,593.5555,472.6618,576.4691,517.92456,597.64465,515.604,583.9037,556.9633,606.10034,551.3189
372,1,387.13528,493.95715,389.9994,488.3001,384.79208,490.19354,403.46628,486.9837,390.4163,491.3227,427.25076,499.46375,403.04865,510.73004,454.8287,514.10925,415.81732,532.86804,446.8292,544.04443,419.76505,554.446,456.9796,528.49756,441.40607,533.55426,446.2382,565.4938,431.25195,569.08673,448.89557,604.9307,438.30945,611.06555
373,0,550.2948,405.18457,551.7999,402.1595,553.4689,401.2135,558.4226,403.57333,571.93567,400.20596,562.4302,423.0396,585.108,418.24496,558.1468,450.2393,602.7813,444.31134,548.5613,466.95004,608.1879,464.18787,576.9725,474.4982,590.3888,472.4933,582.979,513.53784,593.1571,510.9618,593.25116,548.87885,600.40497,545.01624
373,1,378.7248,492.7281,380.6085,488.0475,377.50073,488.9632,391.50507,486.24042,384.4146,488.45026,414.43304,494.3421,395.33313,504.1494,444.09445,505.9137,409.36017,527.4003,439.4784,531.3279,412.25305,548.23413,442.61328,527.5116,430.74155,531.8535,435.86447,567.88855,425.67175,569.3029,440.50217,607.7798,434.8213,607.284
374,0,380.60043,499.21484,381.7572,494.53247,378.191,496.08826,391.05344,489.02112,382.32843,493.112,413.6923,493.18427,393.2204,505.6626,440.44284,502.0855,402.03668,528.39844,434.68542,525.6986,402.46085,545.3545,437.71588,530.1311,424.94977,535.4456,429.96405,566.9112,419.00174,570.3421,439.5824,607.6866,430.60938,607.9291
374,1,552.01135,405.45453,553.3606,402.28516,554.41736,401.65234,557.44183,403.54718,571.0469,401.17972,558.4425,421.8474,583.8562,418.6584,553.5993,447.11038,601.905,443.21002,548.33203,464.1414,607.3795,461.0522,570.42737,470.60245,588.0348,469.18277,565.6954,504.45953,594.84814,502.7083,564.3435,539.0996,601.9131,536.2804
375,0,377.13672,499.7782,377.46182,495.0987,374.87906,497.25867,385.60205,488.39484,379.34314,493.6247,410.70892,494.59637,388.8301,504.8858,432.0855,511.72736,393.66748,529.4506,420.05386,534.2595,393.82248,544.72723,431.8289,534.9235,416.87363,538.76117,420.9477,567.013,403.8553,568.4204,433.5399,606.23114,411.11145,609.6631
375,1,550.25946,408.66882,551.5071,405.41638,552.4466,405.21097,555.13837,405.7758,568.4609,403.66418,554.8947,421.9951,583.2205,419.09457,550.5046,450.49948,597.1098,443.01093,543.68054,467.0775,605.2265,461.40634,568.0028,471.8206,589.0254,471.2199,560.733,504.3476,597.6015,506.60638,560.9552,537.99286,606.1238,542.1406
376,0,550.7905,408.4715,551.96124,405.25256,552.95654,404.94205,554.87585,405.78043,569.01843,403.52823,554.7225,421.57175,583.3734,419.1195,549.394,447.5916,596.62976,443.67517,541.6389,460.88904,603.6371,462.9741,567.4248,471.5968,588.57874,470.95895,561.1502,505.47797,597.50854,506.55676,562.28516,537.8928,606.99744,541.6015
377,0,556.0655,405.69504,557.05096,402.5844,557.6285,402.24677,556.65845,403.62823,570.7734,401.6583,554.5643,419.91986,582.9563,417.9653,549.4749,444.28702,595.5695,442.4345,543.48804,455.7323,600.86127,461.50183,566.49475,468.87558,587.6282,468.45724,560.5036,502.60364,596.83594,502.9348,560.2164,534.63025,606.0889,538.3372
